QID;W1;W2;Qtype;u1;u2;u3;u4;u5;u6;u7;u8;u9;u10;u11;u12
1;mızrap;barınak;Sim;0;0;0;0;0;0;0;0;0;2;0;0
2;kırmızı;gül;Sim;0;0;0;2;0;4;2;1;2;3;0;0
3;suçlu;şüphe;Sim;0;1;1;5;8;5;1;0;4;4;0;0
4;laikçiler;sekülerizmciler;Sim;9;9;9;9;10;5;8;10;10;10;10;9
5;bitki;zeytin;Sim;2;6;1;5;2;5;3;2;5;5;2;6
6;serin;soğuk;Sim;8;7;7;8;8;8;9;7;6;8;6;5
7;gül;pamuk;Sim;1;4;0;8;0;5;3;0;0;4;0;0
8;içki;alkol;Sim;4;10;8;10;9;9;6;2;10;6;10;9
9;köle;serbest;Sim;0;0;0;0;0;1;0;0;2;1;0;0
10;saray;pıhtı;Sim;0;0;0;0;0;0;0;0;2;2;0;0
11;affedişi;bağışlayışı;Sim;9;10;8;8;10;10;10;7;7;10;10;10
12;sofra;zeytin;Sim;0;1;0;4;0;5;1;0;3;3;0;4
13;eşya;gözlük;Sim;0;1;0;4;0;5;2;1;3;5;1;6
14;meslek;mühendis;Sim;0;2;1;5;0;5;2;1;2;5;0;6
15;savunmaktaydılar;korumaktaydılar;Sim;9;10;7;8;7;10;7;8;9;10;8;5
16;peynir;ipek;Sim;0;0;0;1;0;5;0;0;2;2;0;0
17;turizm;seyahat;Sim;0;10;6;9;0;7;5;1;6;5;2;3
18;tıknaz;uyumlu;Sim;0;0;0;0;0;0;0;0;0;2;0;0
19;kemalci;atatürkist;Sim;10;10;9;9;9;10;10;7;5;7;10;9
20;polis;yardım;Sim;0;5;2;4;0;3;6;3;4;3;5;5
21;gürültü;otobüs;Sim;0;0;0;2;0;0;1;1;4;3;0;0
22;temiz;titiz;Sim;7;9;9;9;6;10;9;4;8;7;8;8
23;kitaplıklar;kitap;Sim;0;5;5;3;0;2;10;1;4;5;1;6
24;böcek;karınca;Sim;1;4;2;6;0;5;4;1;6;6;1;6
25;gazete;kitap;Sim;4;9;2;8;0;8;3;1;6;6;6;6
26;okul;kordon;Sim;0;0;0;0;0;1;0;0;0;2;0;0
27;ibadet;oruç;Sim;2;9;4;8;6;5;4;2;7;6;6;6
28;varlık;hayvan;Sim;0;0;1;5;0;3;1;1;6;5;1;6
29;tüketim;üretim;Sim;0;0;0;0;0;0;0;0;3;0;0;0
30;sihirbaz;büyücü;Sim;3;6;9;7;6;10;10;7;8;8;10;7
31;giysi;gömlek;Sim;1;5;5;5;6;5;6;2;4;5;2;6
32;hayvan;tavuk;Sim;1;3;2;4;0;5;5;2;5;5;2;6
33;sevgili;çiçek;Sim;0;0;2;2;0;1;3;0;3;3;0;0
34;turizm;ekonomi;Sim;2;0;5;2;0;5;1;0;3;6;0;0
35;eski;yeni;Sim;0;0;0;0;0;0;0;0;2;0;0;0
36;yüzük;sevgili;Sim;0;0;0;2;0;2;5;0;2;6;0;0
37;primatçaları;maymunsuları;Sim;8;0;7;7;9;10;9;4;3;9;0;10
38;bilimci;faiz;Sim;0;0;0;0;0;2;0;0;0;1;0;0
39;gündüz;öğle;Sim;4;10;1;5;0;7;3;5;2;10;2;5
40;otomobil;taksi;Sim;2;7;9;8;0;9;5;3;8;6;7;6
41;çare;sos;Sim;0;5;0;0;0;0;0;0;0;1;0;6
42;evrensel;sos;Sim;0;0;0;0;0;0;0;0;0;1;0;6
43;viski;varlık;Sim;0;0;0;2;0;1;0;0;0;3;0;4
44;alacaklanmak;tabure;Sim;0;0;0;0;0;2;0;0;0;1;0;0
45;sebze;enginar;Sim;0;3;4;6;0;5;3;3;5;6;2;6
46;damar;rahatsız;Sim;0;0;0;1;0;1;1;0;3;1;0;0
47;öğrenci;yağcılık;Sim;0;0;0;0;0;1;1;0;0;3;0;0
48;bitki;sebze;Sim;2;7;1;9;0;5;2;2;3;5;2;6
49;zarar;tımarhane;Sim;0;0;0;1;0;1;0;0;0;2;0;0
50;kelebek;eski;Sim;0;0;0;0;0;1;0;0;0;1;0;0
51;zaman;gündüz;Sim;1;4;0;4;0;5;3;1;3;5;0;4
52;meslek;polis;Sim;0;3;1;5;0;5;2;1;3;6;2;6
53;su;yağmur;Sim;1;6;0;5;0;5;7;1;4;6;8;8
54;nefes;soyut;Sim;0;0;0;1;0;2;0;0;4;1;0;0
55;yedigen;aykırı;Sim;0;0;0;0;0;2;0;0;0;1;0;0
56;titiz;pimpirikli;Sim;9;0;9;4;6;9;8;3;4;7;9;7
57;fotoğraf;karton;Sim;0;3;0;3;0;2;1;0;0;3;0;0
58;tutsak;serbest;Sim;0;0;0;0;0;0;0;0;3;0;0;0
59;fazlalık;ısınmış;Sim;0;0;0;0;0;1;0;0;0;1;0;0
60;laikçiler;tepe;Sim;0;0;0;1;0;1;0;0;0;1;0;0
61;suçlu;bağışlayışı;Sim;0;0;0;0;0;2;1;0;0;2;0;0
62;serbest;radyo;Sim;0;0;0;0;0;1;0;0;0;1;0;0
63;uzun;tıknaz;Sim;0;0;0;0;0;1;0;0;0;1;0;0
64;kan;pıhtı;Sim;1;5;0;3;0;5;4;2;4;4;1;6
65;delilim;ispatım;Sim;9;10;9;10;7;9;8;8;10;10;10;10
66;erkekçene;eksik;Sim;0;0;0;0;0;1;0;0;0;1;0;0
67;delilim;deli;Sim;0;0;6;0;0;1;0;0;0;1;0;0
68;üşengeç;üşengen;Sim;10;10;9;10;10;9;5;10;7;9;0;10
69;gül;dostçasına;Sim;0;0;0;0;0;2;0;0;0;1;0;0
70;kum;karınca;Sim;0;1;0;3;0;3;4;1;0;2;0;0
71;tutsak;köle;Sim;10;10;9;4;0;9;9;10;4;9;10;0
72;kazanç;aykırı;Sim;0;0;0;0;0;1;0;0;0;1;0;0
73;içki;viski;Sim;1;10;1;6;2;5;5;1;5;5;1;9
74;üşengen;yedigen;Sim;0;0;0;0;0;1;0;0;0;1;0;0
75;mutfak;kahvaltı;Sim;0;3;0;4;1;5;4;1;2;4;0;0
76;çamaşır;külot;Sim;4;10;1;6;8;5;4;1;5;5;2;6
77;yorgun;yorgunluk;Sim;0;1;7;8;9;9;9;7;3;6;0;0
78;transparan;kemik;Sim;0;0;0;0;0;1;0;0;0;1;0;0
79;muz;yoğurt;Sim;0;0;0;4;0;3;0;1;0;6;0;0
80;damar;kan;Sim;0;8;1;3;0;5;3;1;3;4;0;0
81;ilkellik;cenin;Sim;0;0;0;0;0;1;1;0;0;2;0;0
82;temiz;kirlice;Sim;0;1;0;0;0;1;0;0;0;1;0;0
83;modernite;öncülük;Sim;3;7;3;2;0;2;0;0;4;2;0;0
84;peşinatsız;borçlanmak;Sim;0;5;0;1;0;2;1;1;0;1;0;6
85;öğrenci;kitap;Sim;0;4;0;2;0;3;2;1;0;4;0;1
86;mühendis;bilişim;Sim;0;5;0;3;0;3;4;1;3;4;0;5
87;zeki;çocuk;Sim;0;1;0;2;0;2;1;1;0;3;0;0
88;avare;başıboş;Sim;10;10;8;9;8;9;2;7;10;9;10;9
89;tren;inançlılık;Sim;0;0;0;0;0;1;0;0;0;1;0;0
90;mücevher;şahane;Sim;1;1;0;1;0;2;0;0;0;1;0;0
91;başladılarsa;bitirdilerse;Sim;0;0;0;0;0;1;0;0;0;0;0;0
92;keşiş;köle;Sim;0;1;0;1;0;3;0;0;0;2;0;0
93;palto;ceket;Sim;7;5;5;7;7;8;9;5;4;7;10;7
94;oksijen;su;Sim;1;0;1;4;1;5;2;1;4;4;1;0
95;taşıt;tren;Sim;2;6;1;6;1;5;4;1;4;5;2;6
96;kıyı;tepe;Sim;0;0;0;1;0;2;3;0;0;5;0;0
97;adalet;vicdan;Sim;0;8;2;4;0;5;2;0;3;6;0;4
98;rahatsız;alışkın;Sim;0;0;0;0;0;1;0;0;0;1;0;0
99;kavramsallaştırsın;soyut;Sim;0;0;3;4;0;1;0;0;3;1;0;0
100;hayat;fani;Sim;1;0;0;1;0;7;3;1;3;3;0;0
101;ıslak;deniz;Sim;0;1;1;3;1;5;3;1;3;4;0;0
102;kitaplıklar;kitaphane;Sim;7;5;10;9;10;8;7;8;3;6;8;5
103;din;vicdan;Sim;3;3;1;2;0;5;0;0;3;4;0;0
104;brüt;çamaşır;Sim;0;0;0;0;0;2;0;0;0;1;0;0
105;tıknaz;şiddetli;Sim;0;0;0;0;0;2;0;0;0;2;0;0
106;yüreklicesine;gevşek;Sim;0;0;0;0;0;1;0;0;0;1;0;0
107;cenin;kuyumcu;Sim;0;0;0;0;0;0;0;0;0;2;0;0
108;gözlükçü;gözlük;Sim;0;4;6;3;2;4;7;3;0;4;0;0
109;affedişi;cezalandırışı;Sim;0;0;0;0;0;0;1;0;0;1;0;0
110;bilişim;sebze;Sim;0;0;0;0;0;1;0;0;0;2;0;0
111;iktidarcılar;sabahlardaki;Sim;0;0;0;0;0;1;0;0;0;1;0;0
112;cinayetindeki;asosyalleştirdikleri;Sim;0;0;0;0;0;1;0;0;0;1;0;0
113;zarar;kazanç;Sim;0;0;0;0;0;0;0;0;0;1;0;0
114;kuş;turna;Sim;0;5;2;6;0;5;3;2;4;6;1;6
115;brüt;kesintili;Sim;0;0;0;2;0;0;0;1;0;1;0;0
116;borçlanmak;faiz;Sim;0;1;1;4;0;1;4;1;0;2;0;3
117;zaman;öğle;Sim;1;3;1;5;0;5;3;2;3;5;0;6
118;mücevher;sicim;Sim;1;0;0;0;0;1;0;0;0;2;0;0
119;külot;aile;Sim;0;0;0;0;0;1;0;0;0;2;0;0
120;mezarhane;mutfak;Sim;0;0;0;0;0;1;0;0;0;2;0;0
121;bitirdilerse;geceleyin;Sim;0;0;0;0;0;1;0;0;0;1;0;0
122;yoldaş;delikanlı;Sim;1;0;2;2;0;3;0;0;0;2;0;0
123;ıslak;serin;Sim;1;0;2;1;0;3;0;0;3;6;0;5
124;barınak;tımarhane;Sim;1;0;0;2;0;1;1;0;0;2;1;0
125;zarar;kadın;Sim;0;0;0;0;0;1;0;0;0;2;0;0
126;atletik;avare;Sim;0;0;0;0;0;1;1;0;0;2;0;0
127;cansız;yaşlıymışçasına;Sim;6;0;1;0;0;1;1;0;0;2;0;0
128;peynir;karton;Sim;0;0;0;0;0;1;0;0;0;2;0;0
129;süreli;süresiz;Sim;0;0;0;0;0;0;0;1;0;0;0;0
130;tutsak;özgür;Sim;0;0;0;0;0;0;0;1;0;0;0;0
131;gevşek;heykel;Sim;0;0;0;0;0;1;0;0;0;1;0;0
132;kamyon;sesteş;Sim;0;0;0;0;0;0;0;0;0;1;0;0
133;yiyecek;sos;Sim;1;3;0;5;0;2;2;1;6;5;1;6
134;modernite;ilkellik;Sim;0;0;0;0;0;0;0;1;0;2;0;0
135;keşiş;kahin;Sim;3;1;9;3;0;7;6;0;4;4;0;0
136;turna;uygulamak;Sim;0;0;0;0;0;1;0;0;0;1;0;0
137;ormanlık;fotoğraf;Sim;0;0;0;1;0;1;1;0;0;2;0;0
138;sosyalleştirdikleri;asosyalleştirdikleri;Sim;0;0;0;0;0;0;0;1;0;0;0;0
139;cinayetindeki;kemik;Sim;0;0;0;0;0;1;1;0;0;1;0;0
140;masum;kuşku;Sim;0;0;0;0;0;2;1;1;0;1;0;0
141;delikanlı;büyücü;Sim;0;0;0;0;0;1;0;0;0;2;0;0
142;uzun;atletik;Sim;2;5;6;4;0;3;2;0;4;6;5;0
143;deniz;sahil;Sim;4;3;1;7;8;5;3;2;5;7;7;8
144;orman;meyve;Sim;0;0;0;4;0;2;3;0;4;2;0;2
145;hayat;nefes;Sim;2;1;6;4;0;4;5;0;3;3;1;8
146;mızrap;tabure;Sim;0;0;0;0;0;1;0;0;0;2;0;0
147;sıcak;ısınmış;Sim;8;7;8;6;10;8;6;5;6;9;9;8
148;gülüş;gülümseme;Sim;9;9;10;9;10;9;10;7;6;8;9;9
149;muz;gemicik;Sim;0;0;0;0;0;2;2;0;0;2;0;1
150;hukuk;hayat;Sim;0;0;0;0;0;1;2;0;0;2;0;0
151;evetçiler;hayırcılar;Sim;0;0;0;0;0;0;0;0;0;0;0;0
152;kamyon;manken;Sim;0;0;0;0;0;1;0;0;0;2;0;0
153;terazi;adalet;Sim;0;2;1;1;0;5;2;0;6;2;0;5
154;sarsıcı;gençmişçesine;Sim;0;0;0;0;0;1;0;0;0;1;0;0
155;uzak;yakın;Sim;0;0;0;0;0;0;0;0;0;0;0;0
156;dükkan;vitrin;Sim;0;1;1;5;0;6;3;0;6;4;1;1
157;nefes;oksijen;Sim;4;0;1;4;1;8;7;0;6;5;6;3
158;enginar;boza;Sim;1;0;0;1;0;1;1;0;0;5;0;0
159;giysi;külot;Sim;1;5;1;4;0;5;4;0;5;5;1;4
160;deneyimleme;pratikleştirsin;Sim;0;0;5;2;0;7;1;0;6;2;0;0
161;sahil;ormanlık;Sim;1;0;0;1;0;2;2;0;0;2;0;0
162;masum;öldürülüşündeki;Sim;0;0;0;0;0;1;1;0;0;1;0;0
163;siyah;petrol;Sim;0;0;1;1;0;2;2;0;0;3;0;0
164;haşarı;enerjik;Sim;3;0;6;3;0;8;3;0;6;7;2;4
165;teizm;müzik;Sim;0;0;0;0;0;1;0;0;0;2;0;0
166;para;faiz;Sim;0;0;1;3;0;4;4;1;6;6;1;0
167;normalleşiyor;sabahlardaki;Sim;0;0;0;0;0;1;0;0;0;1;0;0
168;atatürkçülerden;kemalizmcilerden;Sim;10;10;10;10;10;9;9;6;6;9;10;10
169;alkol;viski;Sim;3;8;1;7;1;5;4,933333333;2;5;6;1;9
170;muhalefetçiler;iktidarcılar;Sim;0;0;0;0;0;0;0;1;0;0;0;0
171;horoz;tavuk;Sim;5;7;7;8;9;7;6;3;5;7;1;6
172;çerçeve;fotoğraf;Sim;3;5;1;5;0;5;4;1;5;4;2;0
173;süt;lokanta;Sim;0;0;0;2;0;1;3;0;4;3;0;0
174;tahta;tabure;Sim;0;0;2;4;0;2;3;0;5;3;0;0
175;kağıt;karton;Sim;4;5;8;7;1;4;5;1;5;6;7;0
176;varlık;para;Sim;5;5;8;5;8;5;6;0;5;4;2;3
177;ses;sesteş;Sim;0;1;8;5;0;7;8;1;5;3;0;0
178;eksik;ilaç;Sim;0;0;0;0;0;1;0;0;0;1;0;0
179;eşya;cisim;Sim;4;4;8;7;0;9;3;6;5;7;2;7
180;haber;uzun;Sim;0;0;0;0;0;2;1;0;0;1;0;0
181;hayırcılar;barıştırılırken;Sim;0;0;0;0;0;1;0;0;0;1;0;0
182;pamuk;giysi;Sim;1;0;3;3;0;3;1;0;0;4;0;0
183;hamile;cenin;Sim;0;1;1;3;0;4;9;1;5;4;0;0
184;ispatım;almışlardır;Sim;0;0;0,6;0;0;1;0;0;0;1;0;0
185;süt;yoğurt;Sim;2;5;1;3;0;5;7;1;5;7;7;3
186;cansız;enerjik;Sim;0;0;0;0;0;0;0;0;0;1;0;0
187;sahil;kum;Sim;0;1;1;3;0;6;7;0;5;4;0;4
188;ses;mızrap;Sim;0;1;1;1;0;2;3;0;0;2;0;0
189;davadaş;ebediyeten;Sim;0;0;3;0;0;1;1;0;0;1;0;0
190;bitki;çiçek;Sim;2;1;2;7;1;5;7;2;5;7;8;6
191;seyahat;sefer;Sim;5;0;6;6;8;6;7;2;7;7;6;7
192;yardım;aile;Sim;0;0;1;1;0;1;2;0;0;2;0;0
193;petrol;yakıt;Sim;5;7;1;6;1;7;8;0;6;6;9;7
194;şair;modernite;Sim;0;1;0;1;0;1;2;0;0;2;0;0
195;gevşek;sıkı;Sim;0;0;0;0;0;0;0;0;0;0;0;0
196;cihaz;lamba;Sim;0;0;1;3;0;1;6;0;3;6;1;3
197;din;devlet;Sim;0;0;0;0;0;1;0;0;3;2;0;0
198;saldırmaktaydılar;suskunluğuna;Sim;0;0;0;0;0;1;0;0;0;1;0;0
199;nezle;yorgunluk;Sim;2;1;2;3;0;1;2;0;2;4;0;0
200;cevher;fotoğraf;Sim;0;0;0;0;0;1;0;0;0;2;0;0
201;uzak;karınca;Sim;0;0;0;0;0;1;0;0;0;1;0;0
202;üşengeç;ebleh;Sim;2;0;1;0;0;1;0;0;0;2;1;0
203;yedigen;biçimlendirilmişlerdir;Sim;0;0;0;2;0;1;0;0;0;1;0;0
204;bilimci;karışık;Sim;0;0;0;0;0;1;0;0;0;1;0;0
205;medya;sevgili;Sim;0;0;0;0;0;1;0;0;0;2;0;0
206;biçimlendirilmişlerdir;iyiliyorsun;Sim;0;1;4;0;0;1;0;0;0;1;0;0
207;kırmızı;okul;Sim;0;0;0;0;0;1;0;0;0;1;0;0
208;gülümseme;somurtma;Sim;0;0;0;0;0;0;0;0;0;0;0;0
209;okul;kitaplıklar;Sim;1;0;4;3;0;1;1;0;2;4;0;0
210;atatürkçülerden;palto;Sim;0;0;0;0;0;1;1;0;0;1;0;0
211;kadeh;bıçak;Sim;2;0;0;2;0;3;3;0;2;6;1;2
212;özgür;haber;Sim;0;0;1;2;0;5;1;0;0;1;0;0
213;palto;kapüşon;Sim;0;1;6;4;0;7;5;1;3;4;0;1
214;ibadet;namaz;Sim;4;2;5;5;1;8;9;1;7;6;2;1
215;soyut;somut;Sim;0;0;0;0;0;0;0;0;0;0;0;0
216;süresiz;ebediyeten;Sim;8;10;7;7;8;5;8;7;0;9;10;10
217;taşıt;kamyon;Sim;1;3;7;7;0;5;4;0;6;7;2;7
218;tren;yakıt;Sim;0;0;1;1;0;2;6;0;3;3;0;0
219;yoldaş;keşiş;Sim;1;0;1;5;0;5;0;0;0;2;0;0
220;horoz;sefer;Sim;0;0;0;0;0;1;0;0;0;2;0;0
221;tabure;çerçeve;Sim;1;0;0;1;0;1;0;0;0;3;0;1
222;kordon;gülümseme;Sim;0;0;0;0;0;1;0;0;0;1;0;0
223;zeki;akıllı;Sim;9;10;8;0;9;9;0;3;7;8;9;0
224;gençmişçesine;yaşlıymışçasına;Sim;0;0;0;1;0;0;0;0;0;0;0;0
225;nezle;ilaç;Sim;0;1;1;2;0;3;2;0;6;2;0;0
226;ilaç;çare;Sim;3;1;8;3;0;7;3;5;6;8;8;0
227;devlet;para;Sim;0;0;1;1;0;2;2;0;0;3;0;0
228;kavramsallaştırsın;çocuk;Sim;0;0;0;0;0;1;2;0;0;1;0;0
229;somurtma;kağıt;Sim;0;0;0;0;0;1;0;0;0;1;0;0
230;evrensel;bilimci;Sim;0;0;1;0;0;1;0;0;0;1;0;0
231;barınak;soğuk;Sim;0;0;0;1;0;1;2;0;0;1;0;0
232;ilaç;yakıt;Sim;0;0;1;0;0;2;2;0;0;2;0;0
233;evetçiler;yağmur;Sim;0;0;0;0;0;1;0;0;0;1;0;0
234;başlamadılarsa;düzenci;Sim;0;0;0;0;0;1;0;0;0;1;0;0
235;devlet;memur;Sim;0;1;0;1;0;1;4;0;5;3;0;0
236;alkol;sofra;Sim;0;0;0;1;0;2;2;0;5;4;0;0
237;boza;manken;Sim;0;0;0;0;0;1;0;0;0;2;0;0
238;cevher;gözlükçü;Sim;0;0;0;0;0;1;2;0;0;2;0;0
239;anne;memur;Sim;0;0;0;0;0;1;0;0;0;2;0;0
240;oğlan;ilkellik;Sim;0;0;0;0;0;1;0;0;0;2;0;0
241;dostçasına;arkadaşımsı;Sim;7;1;8;5;7;8;6;5;4;7;9;3
242;dua;yüzük;Sim;0;0;0;0;0;1;0;0;0;2;0;0
243;opak;geçirgen;Sim;0;3;9;5;0;9;0;0;3;1;0;0
244;akıllı;deli;Sim;0;0;0;0;0;0;0;0;0;1;0;0
245;din;dua;Sim;0;3;2;3;0;7;6;0;7;4;0;3
246;saydam;süreli;Sim;0;0;0;0;0;1;0;0;0;2;0;0
247;yağcılık;heykel;Sim;0;0;0;0;0;1;0;0;0;2;0;0
248;maymungilleri;muz;Sim;0;0;0;1;0;6;6;0;4;3;0;0
249;oksijen;hayat;Sim;1;0;1;0;0;5;5;0;6;3;2;4
250;hastane;çare;Sim;1;0;2;3;0;5;6;0;5;3;2;3
251;içki;boza;Sim;0;2;0;3;0;4;2,133333333;0;0;5;1;0
252;tahta;ahşap;Sim;5;9;2;8;9;7;5;5;5;7;9;7
253;kral;yağcılık;Sim;0;0;0;2;0;1;5;0;0;2;0;0
254;teizm;inançlılık;Sim;9;1;0;0;10;9;5;0;4;7;9;9
255;kordon;sicim;Sim;3;3;0;2;0;6;7;0;0;7;5;9
256;fani;adalet;Sim;0;0;0;0;0;1;0;0;0;2;0;0
257;ikindi;oğlan;Sim;0;0;0;0;0;1;0;0;0;1;0;0
258;deneyimleme;tecrübelenme;Sim;9;8;9;8;8;9;9;9;6;7;10;9
259;satmışlardır;lokanta;Sim;0;0;0;0;0;1;0;0;0;1;0;0
260;kırmızı;namaz;Sim;0;0;0;0;0;1;0;0;0;1;0;0
261;mezarhane;kabristan;Sim;10;8;8;7;9;8;9;9;6;8;10;10
262;ekonomi;para;Sim;2;1;1;4;6;5;8;0;6;6;3;0
263;dua;namaz;Sim;3;1;5;3;0;6;9;0;6;7;3;7
264;arkadaşımsı;kitaphane;Sim;0;0;0;0;0;1;2;0;0;1;0;0
265;enerjik;yorgun;Sim;0;0;0;0;0;0;0;0;0;1;0;0
266;kağıt;gazete;Sim;3;1;1;1;1;2;1;0;5;6;3;0
267;cihaz;radyo;Sim;0;1;1;4;0;5;2;0;5;6;2;4
268;kral;affedişi;Sim;0;0;0;0;0;1;0;0;0;1;0;0
269;yeni;gençmişçesine;Sim;0;0;0;4;0;1;1;0;4;2;0;3
270;öğrenci;hayta;Sim;0;0;1;1;0;3;3;0;0;2;0;0
271;araba;petrol;Sim;0;0;1;3;0;4;2;0;4;3;0;0
272;şiddetli;sarsıcı;Sim;4;5;7;6;7;3;2;7;7;8;10;9
273;su;deniz;Sim;2;0;2;3;1;4;5;0;7;7;6;7
274;başlamadılarsa;başladılarsa;Sim;0;0;0;0;0;0;0;0;0;0;0;0
275;normalleşiyor;anormalleşiyor;Sim;0;0;0;0;0;0;0;0;0;0;0;0
276;kan;kırmızı;Sim;0;0;1;1;1;4;5;0;4;4;0;2
277;beyaz;papatya;Sim;0;0;1;2;0;4;5;0;0;4;0;0
278;kıyı;ormanlık;Sim;0;0;0;1;0;1;1;0;0;3;0;0
279;orman;kabristan;Sim;2;0;0;0;0;1;0;0;3;2;0;0
280;üşengen;harika;Sim;0;0;0;0;0;1;0;0;0;2;0;0
281;normalleşiyor;ısınmış;Sim;0;0;0;0;0;1;0;0;0;1;0;0
282;radyo;müzik;Sim;2;0;2;3;0;5;7;1;4;4;8;7
283;suçlu;masum;Sim;0;0;0;0;0;0;0;0;0;0;0;0
284;erkekçene;yüreklicesine;Sim;8;7;1;3;3;1;6;0;3;2;9;0
285;ısınmış;barıştırılırken;Sim;0;0;0;0;0;1;6;0;0;1;0;0
286;pratikleştirsin;kavramsallaştırsın;Sim;0;0;0;0;0;1;0;0;0;1;0;0
287;televizyon;cenin;Sim;0;0;0;0;0;1;0;0;0;2;0;0
288;pimpirikli;bıçak;Sim;0;0;0;0;0;1;0;0;0;1;0;0
289;mezarlık;ormanlık;Sim;2;0;0;0;0;1;3;0;4;2;1;0
290;mutluluk;harika;Sim;0;0;7;4;0;1;2;0;7;3;0;0
291;hastane;rahatsız;Sim;0;0;9;3;0;1;3;0;7;3;0;0
292;özgür;yardım;Sim;0;0;0;0;0;1;0;0;0;1;0;0
293;horultu;saray;Sim;0;0;0;0;0;1;0;0;0;2;0;0
294;üretim;sanatçı;Sim;0;0;0;2;0;1;2;0;5;4;0;0
295;peşinatsız;ekonomi;Sim;0;0;0;0;0;1;1;0;4;2;0;0
296;mutfak;ocak;Sim;0;1;1;1;0;3;3;2;6;3;0;0
297;böcek;kelebek;Sim;0;1;2;4;1;3;4;1;5;5;2;2
298;çenebazlığına;geçirgen;Sim;0;0;0;0;0;1;0;0;0;1;0;0
299;geçirgen;cam;Sim;0;0;1;2;1;4;2;0;0;3;1;0
300;beyaz;külot;Sim;0;0;1;2;0;1;6;0;4;3;0;0
301;tımarhane;deli;Sim;0;0;4;2;0;5;5;0;8;4;0;0
302;muhalefetçiler;kemalci;Sim;8;0;0;2;0;7;2,4;0;0;6;0;0
303;savaştırılırken;cezalandırışı;Sim;0;0;4;0;0;1;2;0;0;1;0;0
304;zaman;ikindi;Sim;0;1;0;2;0;3;4;0;4;4;0;4
305;atatürkist;tecrübelenme;Sim;0;0;0;0;0;1;1;0;0;1;0;0
306;lamba;geceleyin;Sim;0;0;3;2;0;2;2;0;4;3;0;0
307;sabır;sabırsızlık;Sim;0;0;2;0;0;0;0;0;0;0;0;0
308;transparan;deneyimleme;Sim;0;0;0;0;0;1;0;0;0;1;0;0
309;haşarı;hayta;Sim;10;8;9;8;8;0;7;6;6;9;10;9
310;yiyecek;horoz;Sim;0;0;0;2;0;1;1;0;4;2;0;0
311;yoğurt;inançlılık;Sim;0;0;0;0;0;1;0;0;0;2;0;0
312;kıtlıklarda;bolluklarda;Sim;0;0;0;0;0;0;0;0;0;0;0;0
313;siyah;beyaz;Sim;0;0;0;0;0;0;0;0;0;0;0;0
314;otomobil;tren;Sim;3;4;1;5;0;3;8;0;5;7;8;4
315;mutluluk;sicim;Sim;0;0;0;0;0;1;0;0;0;2;0;0
316;fırın;ocak;Sim;10;9;8;3;8;9;3;3;7;8;9;3
317;ipek;kapüşon;Sim;0;0;0;2;0;2;3;0;0;3;0;0
318;savunmaktaydılar;saldırmaktaydılar;Sim;0;0;0;7;0;0;0;0;0;5;0;0
319;bitki;enginar;Sim;0;1;2;6;0;5;2;1;5;5;2;6
320;hukuk;nezle;Sim;0;0;0;0;0;1;0;0;0;2;0;0
321;horultu;gürültü;Sim;4;0;7;6;6;8;5;1;5;7;7;6
322;süt;peynir;Sim;3;2;3;4;0;5;4;0;5;7;0;6
323;bağışlayışı;cezalandırışı;Sim;0;0;0;0;0;0;0;0;0;1;0;0
324;su;çiçek;Sim;0;0;0;2;0;2;0;0;3;4;0;0
325;taşıt;gemicik;Sim;1;0;1;4;0;5;4;0;5;5;1;6
326;yiyecek;meyve;Sim;1;0;2;6;0;5;2;0;5;6;1;6
327;kuşku;şüphe;Sim;10;10;10;9;10;9;10;7;5;9;10;10
328;çocuk;anne;Sim;2;2;4;2;0;2;5;0;3;6;0;0
329;iyiliyorsun;kötülüyorsun;Sim;0;0;0;0;0;0;0;0;0;0;0;0
330;şeffaf;saydam;Sim;0;10;9;9;8;9;10;10;7;10;10;10
331;teizm;çerçeve;Sim;0;0;0;0;0;1;0;0;0;2;0;0
332;anormalleşiyor;kapüşon;Sim;0;0;0;0;0;1;0,533333333;0;0;1;0;0
333;sevgili;mutluluk;Sim;1;0;9;4;0;1;0;3;3;3;0;0
334;delilim;televizyon;Sim;0;0;0;0;0;1;0;0;0;1;0;0
335;sofra;bıçak;Sim;0;0;3;2;0;4;1;0;3;4;0;0
336;ipek;gömlek;Sim;0;1;2;3;0;4;5;0;3;3;0;0
337;sanatçı;heykel;Sim;0;1;1;2;0;5;3;0;3;3;0;0
338;medya;yağcılık;Sim;1;0;1;0;0;1;0;0;3;3;0;0
339;din;ibadet;Sim;3;0;6;5;2;5;6;0;7;7;0;1
340;tutsak;yakın;Sim;0;0;0;0;0;1;0;0;0;1;0;0
341;zarar;para;Sim;0;0;0;1;0;3;1;0;0;3;0;0
342;ateistlik;sekülerizmciler;Sim;9;0;2;4;0;1;3;0;0;2;0;0
343;sabahlardaki;kahvaltı;Sim;0;0;3;0;0;3;2;0;4;3;0;0
344;kadın;anne;Sim;2;1;3;5;1;8;5;1;4;7;0;6
345;sabır;mühendis;Sim;0;0;0;1;0;1;0;0;0;2;0;0
346;yakın;sıkı;Sim;4;0;3;6;2;9;1;3;6;7;2;6
347;saray;kral;Sim;0;0;8;3;0;1;7;0;6;4;0;3
348;damar;mezar;Sim;0;0;0;0;0;1;0;0;0;2;0;0
349;kuyumcu;mücevher;Sim;0;1;8;4;0;4;3;0;6;4;0;0
350;müzik;ses;Sim;5;1;8;5;2;5;6;1;7;6;0;6
351;alet;terazi;Sim;0;1;1;2;0;1;3;0;3;6;1;6
352;kesintili;manavınkiler;Sim;0;0;0;0;0;1;0;0;0;1;0;0
353;cansız;ahşap;Sim;1;0;0;3;0;2;1;0;0;3;0;0
354;otobüs;sefer;Sim;3;0;4;2;0;1;2;0;4;3;0;0
355;kahvaltı;adalet;Sim;0;0;0;0;0;1;0;0;0;2;0;0
356;cam;büyücü;Sim;0;0;0;0;0;1;0;0;0;2;0;0
357;anarşist;somurtma;Sim;0;0;0;0;0;1;0;0;0;1;0;0
358;kıtlıklarda;tüketim;Sim;0;0;0;0;0;3;1;0;3;3;0;0
359;kitaphane;kitap;Sim;0;0;6;3;0;5;9;0;4;6;0;0
360;kuşku;sabırsızlık;Sim;0;0;0;0;0;1;0;0;0;4;0;0
361;çiçek;papatya;Sim;1;5;1;6;1;5;2;1;4;7;1;6
362;manken;kelebek;Sim;0;0;0;0;0;1;0;0;0;2;0;0
363;ıslak;yağmur;Sim;0;0;3;3;0;4;3;0;4;4;0;1
364;mühendis;üretim;Sim;0;0;1;2;0;1;3;0;4;3;0;0
365;süreli;ebediyeten;Sim;0;0;8;0;0;1;0;0;0;1;0;0
366;cisim;cihaz;Sim;0;0;2;3;0;4;0;0;2;5;0;7
367;korumaktaydılar;öldürülüşündeki;Sim;0;0;0;0;0;1;0;0;0;1;0;0
368;aile;somut;Sim;0;0;0;0;0;1;0;0;0;1;0;0
369;ses;horultu;Sim;1;0;6;4;1;5;3;2;3;5;6;6
370;sesteş;evetçiler;Sim;0;0;0;0;0;1;0;0;0;1;0;0
371;kemalci;kemalizmcilerden;Sim;0;10;9;7;0;7;9;5;2;4;10;0
372;şiddetli;yorgunluk;Sim;0;0;0;0;0;1;0;0;2;1;0;0
373;papatya;gülüş;Sim;0;0;0;0;0;1;1;0;0;2;0;0
374;ocak;kabristan;Sim;0;0;0;0;0;1;0;0;0;2;0;0
375;tecrübelenme;alışkın;Sim;5;5;8;0;8;1;0;0;3;4;0;0
376;haşarı;pimpirikli;Sim;0;0;0;0;0;1;0;0;0;2;0;0
377;transparan;yoğurt;Sim;0;0;0;0;0;1;0;0;0;1;0;0
378;oruç;taksi;Sim;0;0;0;0;0;1;0;0;0;2;0;0
379;kuyumcu;terazi;Sim;0;0;0;0;0;1;0;0;3;3;0;0
380;oğlan;delikanlı;Sim;4;3;7;6;0;6;5;0;4;5;7;9
381;mezarlık;tavuk;Sim;0;0;0;0;0;1;0;0;0;2;0;0
382;hamile;dükkan;Sim;0;0;0;0;0;1;0;0;0;2;0;0
383;primatçaları;zeki;Sim;0;0;0;0;0;1;0;0;0;1;0;0
384;hastane;tıp;Sim;0;0;7;5;0;5;2;1;6;4;0;0
385;terazi;tıp;Sim;0;0;0;0;0;1;0;0;0;2;0;0
386;avare;uyumlu;Sim;0;0;0;0;0;1;0;0;0;1;0;0
387;sabırsızlık;gözlükçü;Sim;0;0;0;0;0;1;0;0;0;2;0;0
388;kum;kadeh;Sim;0;0;0;0;0;1;2;0;0;2;0;0
389;cinayetindeki;öldürülüşündeki;Sim;9;10;9;0;9;9;6;3;7;7;9;0
390;primatçaları;maymungilleri;Sim;10;0;8;5;10;9;8;2;7;8;0;9
391;sihirbaz;öncülük;Sim;0;0;0;0;0;1;0;0;0;2;0;0
392;kuş;tavuk;Sim;1;3;4;5;0;3;1;0;4;5;1;7
393;giysi;ceket;Sim;1;1;4;6;0;5;2;1;4;5;1;6
394;pamuk;üretim;Sim;0;0;3;2;0;1;1;0;4;2;0;0
395;noksan;eksik;Sim;10;10;10;10;9;9;9;8;7;10;10;10
396;taşıt;otobüs;Sim;2;2;5;6;0;5;6;0;5;6;1;6
397;eşya;radyo;Sim;0;1;0;4;0;1;2;0;4;6;1;6
398;satmışlardır;almışlardır;Sim;0;0;0;0;0;0;0;0;0;1;0;0
399;cihaz;televizyon;Sim;0;0;1;6;0;4;2;0;4;6;1;6
400;suskunluğuna;brüt;Sim;0;0;0;0;0;1;0;0;0;1;0;0
401;suskunluğuna;konuşkanlığına;Sim;0;0;0;0;0;0;0;0;0;0;0;0
402;geceleyin;erkekçene;Sim;0;0;0;0;0;1;0;0;0;1;0;0
403;medya;kral;Sim;0;0;0;0;0;1;0;0;0;2;0;0
404;iyiliyorsun;pratikleştirsin;Sim;0;0;5;3;0;1;1;0;0;2;0;0
405;şüphe;mutluluk;Sim;0;0;0;0;0;1;0;0;0;2;0;0
406;memur;polis;Sim;0;0;1;4;8;5;3;0;4;5;7;6
407;meslek;kuyumcu;Sim;0;0;0;4;0;5;2;0;4;5;0;6
408;fırın;öncülük;Sim;0;0;0;0;0;1;0;0;0;2;0;0
409;eski;yaşlıymışçasına;Sim;2;0;7;4;0;1;1;0;4;3;0;0
410;masum;dostçasına;Sim;0;0;5;0;0;1;1;0;0;2;0;0
411;lokanta;dükkan;Sim;2;0;0;3;0;5;2;0;4;6;0;5
412;ebleh;akıllı;Sim;0;0;0;0;0;0;0;0;0;0;0;0
413;vitrin;televizyon;Sim;1;0;0;0;0;1;0;0;0;2;0;0
414;şeffaf;opak;Sim;0;0;9;4;0;0;0;0;0;1;0;0
415;dua;ölü;Sim;0;0;0;1;0;1;1;0;3;3;0;0
416;yorgunluk;sarsıcı;Sim;0;0;0;1;0;1;0;0;0;2;0;0
417;davadaş;yoldaş;Sim;6;9;9;9;8;9;8;5;6;8;8;9
418;özgür;serbest;Sim;9;10;9;6;8;9;10;0;10;10;0;0
419;gözlük;cam;Sim;0;5;8;4;1;1;3;0;6;6;5;2
420;vicdan;pıhtı;Sim;0;0;0;0;0;1;0;0;0;2;0;0
421;gülüş;gül;Sim;0;0;6;0;0;7;0;2;4;3;0;0
422;kahvaltı;zeytin;Sim;0;0;1;2;0;1;1;0;4;5;0;0
423;ceket;kapüşon;Sim;0;0;7;3;0;5;2;0;4;4;0;0
424;araba;seyahat;Sim;0;0;3;3;0;1;1;0;4;3;0;0
425;evrensel;karışık;Sim;0;0;0;0;0;1;0;0;0;2;0;0
426;beyaz;horultu;Sim;0;0;0;0;0;1;0;0;0;1;0;0
427;gürültü;müzik;Sim;3;0;4;2;0;7;3;1;3;3;0;0
428;taksi;yüzük;Sim;0;0;0;0;0;1;0;0;0;2;0;0
429;başıboş;yorgun;Sim;0;0;0;0;0;1;0;0;0;2;0;0
430;hayvan;kuş;Sim;1;1;2;6;0;5;3;1;4;6;1;6
431;opak;çamaşır;Sim;0;1;1;0;0;1;0;0;0;1;0;0
432;kahin;şüphe;Sim;0;0;0;0;0;1;0;0;0;2;0;0
433;çenebazlığına;kirlice;Sim;0;0;0;0;0;1;0;0;0;1;0;0
434;serin;sıcak;Sim;0;0;0;0;0;0;0;0;0;1;0;0
435;inançlılık;ateistlik;Sim;0;0;0;0;0;0;0;0;0;8;0;0
436;konuşkanlığına;çenebazlığına;Sim;9;10;8;8;7;0;7;5;4;8;10;10
437;sanatçı;şair;Sim;1;0;4;7;0;5;3;0;4;6;5;9
438;mezarhane;ölü;Sim;0;0;5;2;0;1;3;0;4;4;0;0
439;anarşist;aykırı;Sim;8;0;9;5;0;1;4;0;7;8;8;0
440;uzak;fazlalık;Sim;0;0;1;1;0;1;0;0;0;1;0;0
441;fazlalık;noksan;Sim;0;0;0;0;0;0;0;0;0;1;0;0
442;meslek;sanatçı;Sim;0;0;1;4;0;4;1;0;4;6;0;6
443;tıp;yardım;Sim;0;0;4;2;0;1;1;0;4;4;0;0
444;kuyumcu;yüzük;Sim;0;1;6;2;0;3;2;0;5;4;0;0
445;meyve;manavınkiler;Sim;0;0;6;3;0;7;3;0;5;5;0;0
446;devlet;korumaktaydılar;Sim;0;0;0;0;0;1;0;0;0;2;0;0
447;kelebek;kemik;Sim;0;0;0;0;0;1;0;0;0;2;0;0
448;harika;şahane;Sim;10;10;10;9;9;9;0;0;8;9;10;10
449;faiz;kazanç;Sim;3;10;3;3;0;8;1;8;4;5;0;5
450;mezarlık;mezar;Sim;2;2;7;6;7;9;8;5;5;7;0;5
451;gazete;haber;Sim;4;3;7;6;0;7;7;1;5;4;2;0
452;kıyı;sahil;Sim;5;10;7;7;10;9;9;5;5;8;9;8
453;hukuk;ispatım;Sim;0;1;4;1;0;1;3;0;5;4;0;0
454;gündüz;geceleyin;Sim;0;0;0;0;0;0;0;0;0;1;0;0
455;noksan;gömlek;Sim;0;0;0;0;0;1;0;0;0;1;0;0
456;kötülüyorsun;bolluklarda;Sim;0;0;0;0;0;1;0;0;0;1;0;0
457;alışkın;yeni;Sim;0;0;0;0;0;1;0;0;0;2;0;0
458;uygulamak;alet;Sim;0;0;4;0;0;1;0;0;0;3;0;0
459;cevher;mücevher;Sim;5;0;9;0;0;9;1;1;4;5;0;8
460;medya;gazete;Sim;2;3;8;3;0;7;3;5;5;6;0;7
461;kadeh;içki;Sim;3;2;7;5;1;1;2;0;5;4;0;6
462;atletik;ebleh;Sim;0;0;0;0;0;1;0;0;0;2;0;0
463;okul;öğrenci;Sim;0;2;4;2;0;1;2;0;5;4;0;0
464;öldürülüşündeki;suçlu;Sim;0;0;2;0;0;1;2;0;3;3;0;0
465;düzenci;anarşist;Sim;0;0;0;0;0;0;1;0;0;0;0;0
466;kıyı;gemicik;Sim;0;0;0;0;0;1;2;0;3;3;0;0
467;oruç;zaman;Sim;0;2;1;0;0;2;2;0;5;2;0;0
468;kadın;çocuk;Sim;1;2;0;1;0;5;3;0;0;5;0;0
469;ateistlik;teizm;Sim;0;0;1;7;0;0;0;0;0;0;0;0
470;barıştırılırken;savaştırılırken;Sim;0;0;0;0;0;0;0;0;0;0;0;0
471;horoz;alet;Sim;0;0;0;0;0;1;0;0;0;2;0;0
472;borçlanmak;alacaklanmak;Sim;0;0;0;0;0;0;0;0;0;0;0;0
473;maymunsuları;maymungilleri;Sim;9;10;8;8;9;9;8;5;6;9;9;0
474;hamile;düzenci;Sim;0;0;0;0;0;1;0;0;0;2;0;0
475;öğle;orman;Sim;0;0;0;0;0;1;0;0;0;2;0;0
476;otomobil;araba;Sim;10;8;10;9;10;9;10;10;9;7;8;10
477;meyve;muz;Sim;0;2;1;6;0;5;5;1;5;6;1;6
478;süt;bilişim;Sim;0;0;0;0;0;1;0;0;0;2;0;0
479;atatürkist;davadaş;Sim;0;0;0;3;0;5;1;0;0;3;0;0
480;mezar;ölü;Sim;1;0;5;3;0;2;3;1;7;4;0;0
481;vitrin;manken;Sim;0;1;1;3;0;1;1;0;5;3;0;0
482;turizm;düzenci;Sim;0;0;0;0;0;1;0;0;0;2;0;0
483;fani;ölü;Sim;0;10;10;3;0;0;0;0;0;3;0;0
484;sosyalleştirdikleri;başıboş;Sim;0;0;0;0;0;1;0;0;0;1;0;0
485;kirlice;lamba;Sim;0;0;0;0;0;1;0;0;0;1;0;0
486;kadın;hamile;Sim;0;1;4;3;0;6;5;1;0;3;0;0
487;karışık;temiz;Sim;0;0;0;0;0;1;1;0;0;2;0;0
488;şair;sabır;Sim;0;0;0;0;0;1;1;0;0;2;0;0
489;maymunsuları;kuş;Sim;0;0;0;2;0;1;1;0;4;5;0;0
490;şeffaf;transparan;Sim;9;10;10;7;10;9;9;10;8;9;10;10
491;hayvan;böcek;Sim;1;0;2;4;0;5;4;2;4;6;1;6
492;cisim;somut;Sim;1;0;1;4;0;7;4;0;3;4;0;2
493;aile;anne;Sim;1;0;4;4;0;1;2;0;4;7;0;0
494;varlık;cisim;Sim;2;1;6;6;0;8;6;0;4;7;7;4
495;öğle;ikindi;Sim;5;0;1;2;6;6;3;5;10;6;5;6
496;soğuk;sıcak;Sim;0;0;0;0;0;0;0;0;0;0;0;0
497;peşinatsız;gülümseme;Sim;0;0;0;0;0;1;0;0;0;1;0;0
498;kum;hastane;Sim;0;0;0;0;0;1;0;0;0;2;0;0
499;fırın;kahin;Sim;0;0;0;0;0;1;0;0;0;2;0;0
500;uyumlu;aykırı;Sim;0;0;0;0;0;0;0;0;0;0;0;0
501;mızrap;barınak;Rel;0;0;0;0;0;0;0;0;0;1;0;0
502;kırmızı;gül;Rel;9;3;7;6;8;7;8;7;10;8;5;8
503;suçlu;şüphe;Rel;10;1;8;6;8;5;8;7;10;7;5;9
504;laikçiler;sekülerizmciler;Rel;10;9;10;10;10;7;7;10;10;10;10;10
505;bitki;zeytin;Rel;5;5;7;6;8;5;6;6;7;7;10;9
506;serin;soğuk;Rel;9;8;9;9;9;9;9;9;7;9;10;9
507;gül;pamuk;Rel;6;0;0;3;7;5;5;9;2;6;0;0
508;içki;alkol;Rel;10;8;9;9;10;10;8;8;9;8;10;10
509;köle;serbest;Rel;9;0;9;0;7;9;9;7;0;8;10;10
510;saray;pıhtı;Rel;0;0;0;0;0;1;0;0;0;1;0;0
511;affedişi;bağışlayışı;Rel;10;9;10;6;9;9;8;9;8;10;10;10
512;sofra;zeytin;Rel;7;5;5;8;7;7;7;7;6;8;10;9
513;eşya;gözlük;Rel;5;3;4;5;6;7;6;7;5;7;8;9
514;meslek;mühendis;Rel;8;5;5;7;7;8;7;7;5;7;8;9
515;savunmaktaydılar;korumaktaydılar;Rel;10;9;10;6;9;8;7;10;5;9;10;9
516;peynir;ipek;Rel;2;0;0;0;0;2;0;0;0;2;0;0
517;turizm;seyahat;Rel;10;10;9;8;8;8;7;8;8;7;8;8
518;tıknaz;uyumlu;Rel;2;0;6;0;0;1;0;0;0;1;0;0
519;kemalci;atatürkist;Rel;10;10;10;10;10;9;10;10;8;9;10;8,533333333
520;polis;yardım;Rel;10;6;8;7;8;6;7;7;7;7;8;10
521;gürültü;otobüs;Rel;8;0;4;6;6;8;5;3;4;6;0;10
522;temiz;titiz;Rel;10;10;9;10;6;8;8;10;10;9;10;10
523;kitaplıklar;kitap;Rel;10;10;10;7;9;9;8;7;6;9;10;10
524;böcek;karınca;Rel;7;5;8;8;7;8;8;7;5;7;8;10
525;gazete;kitap;Rel;10;5;7;8;8;6;7;5;5;7;8;10
526;okul;kordon;Rel;0;0;4;0;0;8;0;0;0;1;0;0
527;ibadet;oruç;Rel;10;6;7;9;8;8;9;8;8;8;8;10
528;varlık;hayvan;Rel;6;5;5;7;6;7;6;3;4;7;0;10
529;tüketim;üretim;Rel;10;9;10;6;9;9;8;8;4;9;10;10
530;sihirbaz;büyücü;Rel;2;5;10;8;4;8;10;10;8;9;10;4
531;giysi;gömlek;Rel;6;6;7;8;8;8;6;7;7;8;8;10
532;hayvan;tavuk;Rel;6;6;7;8;7;7;7;7;7;7;8;10
533;sevgili;çiçek;Rel;9;8;5;7;8;9;6;5;7;7;5;2
534;turizm;ekonomi;Rel;9;0;6;7;5;8;4;5;7;7;3;9
535;eski;yeni;Rel;10;10;10;6;9;10;8;9;7;9;10;10
536;yüzük;sevgili;Rel;10;0;6;7;8;8;6;7;7;6;5;3
537;primatçaları;maymunsuları;Rel;10;7;10;8;10;9;9;10;7;8;0;10
538;bilimci;faiz;Rel;2;0;0;0;0;1;0;0;0;1;0;0
539;gündüz;öğle;Rel;10;10;5;7;6;7;7;9;7;10;10;10
540;otomobil;taksi;Rel;7;9;10;8;8;9;8;7;10;7;10;10
541;çare;sos;Rel;0;3;0;1;0;1;0;0;0;1;0;9
542;evrensel;sos;Rel;0;0;0;0;0;1;0;0;0;0;0;10
543;viski;varlık;Rel;0;0;0;3;0;1;0;0;0;4;0;2
544;alacaklanmak;tabure;Rel;0;0;0;0;0;1;0;0;0;0;0;0
545;sebze;enginar;Rel;5;7;7;6;6;7;8;8;9;6;8;10
546;damar;rahatsız;Rel;6;0;4;5;6;8;5;2;5;4;0;0
547;öğrenci;yağcılık;Rel;7;0;3;3;7;9;4;0;5;6;0;4
548;bitki;sebze;Rel;7;7;8;6;8;7;6;7;7;7;8;10
549;zarar;tımarhane;Rel;2;0;1;3;2;1;0;0;0;2;0;2
550;kelebek;eski;Rel;0;0;0;0;0;1;0;0;0;0;0;0
551;zaman;gündüz;Rel;8;5;9;6;6;6;7;7;7;7;8;10
552;meslek;polis;Rel;8;5;8;7;6;7;6;7;6;7;8;10
553;su;yağmur;Rel;10;7;8;7;8;8;9;7;5;8;9;10
554;nefes;soyut;Rel;3;0;1;3;0;1;0;0;0;2;0;0
555;yedigen;aykırı;Rel;1;0;0;0;0;1;3;0;0;0;0;0
556;titiz;pimpirikli;Rel;10;0;9;4;7;8;7;8;3;8;10;8
557;fotoğraf;karton;Rel;9;5;4;7;4;1;5;4;3;4;0;0
558;tutsak;serbest;Rel;10;6;10;6;8;9;9;9;5;9;10;10
559;fazlalık;ısınmış;Rel;0;0;7;2;0;1;5;0;0;1;0;0
560;laikçiler;tepe;Rel;0;0;0;3;0;1;0;0,466666667;0;1;0;0
561;suçlu;bağışlayışı;Rel;9;0;6;6;7;8;7;5;2;8;9;8
562;serbest;radyo;Rel;7;0;4;4;0;1;0;0;0;3;0;1,6
563;uzun;tıknaz;Rel;8;7;0;6;6;3;7;0;0;6;0;9
564;kan;pıhtı;Rel;10;7;8;7;7;8;8;6;8;7;8;10
565;delilim;ispatım;Rel;10;10;10;10;9;8;10;8;9;10;10;10
566;erkekçene;eksik;Rel;4;0;0;0;0;1;0;0;0;1;0;0
567;delilim;deli;Rel;0;0;9;0;0;1;0;0;0;0;0;0
568;üşengeç;üşengen;Rel;9;8;10;9;8;9;8;8;7;8;0;10
569;gül;dostçasına;Rel;7;0;0;0;0;7;4;0;5;2;0;0
570;kum;karınca;Rel;10;6;2;6;6;8;3;5;5;3;0;0
571;tutsak;köle;Rel;10;9;10;9;9;8;10;8;9;9;10;10
572;kazanç;aykırı;Rel;2;0;0;0;0;1;3;0;0;2;0;0
573;içki;viski;Rel;10;7;8;9;9;10;9;7;8;7;9;10
574;üşengen;yedigen;Rel;0;0;0;0;0;1;0;1;0;1;0;0
575;mutfak;kahvaltı;Rel;10;7;5;8;8;7;7;3;7;6;8;9
576;çamaşır;külot;Rel;10;8;6;9;9;8;7;7;7;7;8;10
577;yorgun;yorgunluk;Rel;10;8;10;9;10;9;10;7;7;9;8;10
578;transparan;kemik;Rel;2;0;0;1;3;1;0;0;0;0;0;0
579;muz;yoğurt;Rel;4;0;1;6;0;7;5;5;5;6;0;2
580;damar;kan;Rel;10;10;9;8;8;8;8;7;9;6;9;9
581;ilkellik;cenin;Rel;1;0;4;0;0;1;0;0;0;3;0;8
582;temiz;kirlice;Rel;9;5;10;6;7;7;8;5;3;8;10;10
583;modernite;öncülük;Rel;6;9;9;2;6;8;6;4;3;4;0;7
584;peşinatsız;borçlanmak;Rel;10;7;7;4;7;6;4;4;7;5;4;7
585;öğrenci;kitap;Rel;10;7;9;6;8;8;7;4;6;6;8;9
586;mühendis;bilişim;Rel;9;7;8;5;8;9;7;7;6;5;3;8
587;zeki;çocuk;Rel;10;4;3;6;8;8;5;1;5;4;4;5
588;avare;başıboş;Rel;10;10;10;9;9;8;8;9;9;9;10;10
589;tren;inançlılık;Rel;0;0;0;0;0;1;0;0;0;1;0;0
590;mücevher;şahane;Rel;4;2;7;7;2;1;0;1;5;4;0;0
591;başladılarsa;bitirdilerse;Rel;9;9;10;9;8;7;9;5;0;9;10;10
592;keşiş;köle;Rel;2;3;3;4;0;6;1;0;0;3;0;0
593;palto;ceket;Rel;8;8;9;9;9;8;7;8;5;7;10;8
594;oksijen;su;Rel;10;9;8;7;9;7;8;6;5;6;9;8
595;taşıt;tren;Rel;9;8;9;8;10;7;9;7;5;7;9;10
596;kıyı;tepe;Rel;7;0;6;6;6;4;4;4;0;5;5;2
597;adalet;vicdan;Rel;10;7;8;8;7;7;3;4;7;8;0;9
598;rahatsız;alışkın;Rel;8;5;3;0;8;1;9;5;0;7;3;4
599;kavramsallaştırsın;soyut;Rel;8;5;8;6;7;1;7;6;0;5;0;5
600;hayat;fani;Rel;10;9;9;7;7;7;6;2;8;5;7;8
601;ıslak;deniz;Rel;10;4;6;7;7;8;6;6;7;6;5;8
602;kitaplıklar;kitaphane;Rel;10;7;10;8;8;9;8;7;7;8;10;9
603;din;vicdan;Rel;10;6;7;7;7;7;4;1;7;8;0;1
604;brüt;çamaşır;Rel;0;0;0;0;0;1;0;0;0;0;0;0
605;tıknaz;şiddetli;Rel;0;0;0;0;0;1;0;0;0;1;0;0
606;yüreklicesine;gevşek;Rel;1;0;1;0;0;0;0;0;0;1;0;0
607;cenin;kuyumcu;Rel;0;0;0;0;0;0;0;0;0;1;0;0
608;gözlükçü;gözlük;Rel;10;10;10;7;9;7;9;7;8;9;10;9
609;affedişi;cezalandırışı;Rel;10;7;7;6;7;6;9;6;0;8;10;10
610;bilişim;sebze;Rel;0;0;0;0;0;1;0;0;0;1;0;0
611;iktidarcılar;sabahlardaki;Rel;0;0;0;0;0;1;0;0;0;1;0;0
612;cinayetindeki;asosyalleştirdikleri;Rel;0;0;0;0;0;1;0;0;0;2;0;0
613;zarar;kazanç;Rel;10;9;10;6;8;8;9;7;5;9;10;10
614;kuş;turna;Rel;7;9;8;8;9;7;7;7;8;6;8;10
615;brüt;kesintili;Rel;9;10;8;6;8;6;6,933333333;5;0;8;10;0
616;borçlanmak;faiz;Rel;10;6;8;7;8;6;6;6;4;7;9;0
617;zaman;öğle;Rel;10;6;6;6;9;7;7;7;5;6;9;10
618;mücevher;sicim;Rel;2;0;3;0;0;1;0;0;4;2;0;0
619;külot;aile;Rel;1;0;0;0;0;1;0;0;0;1;0;0
620;mezarhane;mutfak;Rel;0;0;0;0;0;1;0;0;0;1;0;0
621;bitirdilerse;geceleyin;Rel;9;0;0;1;4;1;1;0;0;3;0;0
622;yoldaş;delikanlı;Rel;6;0;3;2;6;6;1;1;0;3;0;0
623;ıslak;serin;Rel;8;1;8;7;7;7;3;1;6;4;0;8
624;barınak;tımarhane;Rel;1;0;2;1;0;3;2;0;0;2;0;2
625;zarar;kadın;Rel;1;0;0;0;0;1;0;0;0;3;0;0
626;atletik;avare;Rel;0;0;0;0;0;1;0;0;0;1;0;0
627;cansız;yaşlıymışçasına;Rel;8;0;4;0;7;1;1;0;0;3;0;0
628;peynir;karton;Rel;0;0;0;0;0;1;2;0;0;2;0;0
629;süreli;süresiz;Rel;10;10;10;6;9;8;9;8;4;9;10;10
630;tutsak;özgür;Rel;10;10;10;6;9;8;9;9;4;9;10;10
631;gevşek;heykel;Rel;0;0;0;0;0;1;0;0;0;1;0;0
632;kamyon;sesteş;Rel;0;0;0;0;0;1;0;0;0;0;0;0
633;yiyecek;sos;Rel;8;6;2;8;7;6;8;7;10;6;8;10
634;modernite;ilkellik;Rel;9;7;9;6;8;7;8;1;0;7;0;10
635;keşiş;kahin;Rel;3;4;9;6;7;9;7;5;5;5;0;3
636;turna;uygulamak;Rel;0;0;0;0;0;1;0;0;0;0;0;0
637;ormanlık;fotoğraf;Rel;7;0;0;4;7;4;0;0;4;4;0;0
638;sosyalleştirdikleri;asosyalleştirdikleri;Rel;10;9;10;5;8;9;9;9;0;9;10;10
639;cinayetindeki;kemik;Rel;9;0;0;0;6;2;2;0;4;3;0;0
640;masum;kuşku;Rel;10;0;4;6;7;6;4;7;2;8;0;3
641;delikanlı;büyücü;Rel;0;0;0;0;0;1;0;0;0;1;0;0
642;uzun;atletik;Rel;8;6;8;6;7;6;5;2;10;6;0;7
643;deniz;sahil;Rel;9;10;8;9;8;8;9;7;10;8;9;9
644;orman;meyve;Rel;8;5;5;5;6;6;6;5;10;6;5;7
645;hayat;nefes;Rel;8;5;9;8;8;6;5;6;10;8;8;10
646;mızrap;tabure;Rel;1;0;1;0;0;1;0;1;0;1;0;1
647;sıcak;ısınmış;Rel;9;6;9;9;9;8;9;7;10;7;8;9
648;gülüş;gülümseme;Rel;10;7;10;9;9;9;10;7;10;9;10;10
649;muz;gemicik;Rel;2;0;0;0;0;4;0;0;0;1;0;1
650;hukuk;hayat;Rel;3;0;1;0;4;2;2;0;5;4;0;5
651;evetçiler;hayırcılar;Rel;10;10;10;6;9;9;10;9;10;9;10;10
652;kamyon;manken;Rel;0;0;0;0;0;1;0;0;0;1;0;0
653;terazi;adalet;Rel;10;6;7;5;8;7;1;5;10;6;8;9
654;sarsıcı;gençmişçesine;Rel;0;0;0;0;0;1;0;0;0;2;0;0
655;uzak;yakın;Rel;10;10;10;6;9;9;10;8;10;9;10;10
656;dükkan;vitrin;Rel;10;6;3;8;8;7;7,933333333;7;10;7;8;9
657;nefes;oksijen;Rel;10;7;8;6;9;8;8;7;10;7;9;9
658;enginar;boza;Rel;2;1;0;5;0;1;3;7;0;6;8;4
659;giysi;külot;Rel;7;5;3;7;9;6;7;7;10;6;8;8
660;deneyimleme;pratikleştirsin;Rel;8;2;7;4;10;7;0;4;10;5;0;0
661;sahil;ormanlık;Rel;8;0;2;4;7;4;7;3;4;6;0;0
662;masum;öldürülüşündeki;Rel;10;0;3;0;6;3;3;0;4;6;0;0
663;siyah;petrol;Rel;8;2;6;5;7;7;6;2;8;4;8;7
664;haşarı;enerjik;Rel;8;1;6;7;7;8;6;0;7;4;8;7
665;teizm;müzik;Rel;0;0;0;0;0;1;0;0;0;2;0;0
666;para;faiz;Rel;10;10;6;5;8;7;7;2;8;6;8;3
667;normalleşiyor;sabahlardaki;Rel;0;0;0;0;0;1;0;0;0;1;0;0
668;atatürkçülerden;kemalizmcilerden;Rel;10;10;10;1;9;10;10;8;10;9;10;10
669;alkol;viski;Rel;10;8;8;9;9;10;9;7;10;7;9;10
670;muhalefetçiler;iktidarcılar;Rel;10;8;10;6;9;8;9;8;10;9;10;10
671;horoz;tavuk;Rel;9;8;9;10;10;9;8;8;10;7;10;10
672;çerçeve;fotoğraf;Rel;10;10;7;8;9;8;8;6;10;7;9;10
673;süt;lokanta;Rel;3;1;0;5;6;1;5;2;10;6;0;2
674;tahta;tabure;Rel;10;1;6;8;9;8;7;5;10;6;2;7
675;kağıt;karton;Rel;10;7;8;8;8;7;7;5;10;7;10;7
676;varlık;para;Rel;10;7;9;5;8;9;6;5;10;7;8;8
677;ses;sesteş;Rel;1;7;9;8;9;8;8;5;7;6;2;7
678;eksik;ilaç;Rel;0;0;0;0;0;1;0;0;0;3;0;0
679;eşya;cisim;Rel;8;6;9;7;8;6;7;8;10;7;0;8
680;haber;uzun;Rel;1;0;0;3;0;1;0;0;0;3;0;3
681;hayırcılar;barıştırılırken;Rel;5;0;6;0;0;1;0;0;0;4;0;0
682;pamuk;giysi;Rel;10;6;8;10;6;6;6;5;10;5;7;5
683;hamile;cenin;Rel;10;7;5;10;8;7;10;6;9;6;9;8
684;ispatım;almışlardır;Rel;1;0;0;0;0;1;0;0;0;1;0;0
685;süt;yoğurt;Rel;10;9;8;9;8;8;8;7;10;7;10;8
686;cansız;enerjik;Rel;9;7;9;0;7;8;9;7;0;8;10;10
687;sahil;kum;Rel;10;9;8;8;8;9;9;6;10;7;10;9
688;ses;mızrap;Rel;8;4;5;9;8;6;6;0;10;4;3;7
689;davadaş;ebediyeten;Rel;2;0;7;0;0;1;3;0;0;2;0;0
690;bitki;çiçek;Rel;9;5;8;8;8;7;7;7;10;7;9;10
691;seyahat;sefer;Rel;9;5;10;7;8;8;8;7;10;7;9;10
692;yardım;aile;Rel;4;0;3;8;7;6;5;0;10;4;0;4
693;petrol;yakıt;Rel;10;10;9;9;9;9;8;7;10;7;10;10
694;şair;modernite;Rel;5;0;1;5;0;4;0;0;5;3;0;2
695;gevşek;sıkı;Rel;10;10;10;6;9;8;8;10;10;9;10;10
696;cihaz;lamba;Rel;4;0;5;9;7;7;4;6;10;5;8;8
697;din;devlet;Rel;10;6;4;4;7;9;6;4;10;7;5;2
698;saldırmaktaydılar;suskunluğuna;Rel;7;0;1;0;0;8;3;0;0;2;0;0
699;nezle;yorgunluk;Rel;10;6;6;7;6;6;3;1;10;6;2;4
700;cevher;fotoğraf;Rel;0;0;0;0;0;1;0;0;0;1;0;0
701;uzak;karınca;Rel;0;0;0;0;0;1;0;0;0;1;0;0
702;üşengeç;ebleh;Rel;8;0;6;0;3;7;0;1;0;2;0;0
703;yedigen;biçimlendirilmişlerdir;Rel;4;0;1;0;3;1;0;0;0;3;0;0
704;bilimci;karışık;Rel;0;0;6;0;0;1;0;0;5;1;0;0
705;medya;sevgili;Rel;4;4;1;0;3;2;0;0;0;1;0;0
706;biçimlendirilmişlerdir;iyiliyorsun;Rel;0;2;5;0;0;1;0;0;0;1;0;0
707;kırmızı;okul;Rel;0;0;0;0;0;1;0;0;0;0;0;0
708;gülümseme;somurtma;Rel;9;10;10;6;8;8;8;9;10;9;10;10
709;okul;kitaplıklar;Rel;10;6;8;6;8;7;7;5;9;7;8;9
710;atatürkçülerden;palto;Rel;0;0;0;0;0;7;5;0;0;1;0;0
711;kadeh;bıçak;Rel;8;0;2;3;7;4;4;4;8;6;5;5
712;özgür;haber;Rel;10;4;6;3;6;7;4;0;10;7;7;8
713;palto;kapüşon;Rel;9;6;9;7;8;6;7;6;10;7;7;8
714;ibadet;namaz;Rel;10;10;6;8;9;8;8;6;10;8;8;9
715;soyut;somut;Rel;10;10;10;6;10;9;8;9;10;9;10;10
716;süresiz;ebediyeten;Rel;9;10;9;8;10;8;8;9;10;9;10;10
717;taşıt;kamyon;Rel;8;9;8;8;10;7;8;7;10;7;9;10
718;tren;yakıt;Rel;8;4;6;7;8;7;8;7;10;6;9;9
719;yoldaş;keşiş;Rel;5;2;7;7;6;9;2;0;5;2;0;0
720;horoz;sefer;Rel;0;0;0;0;0;1;0;0;0;1;0;0
721;tabure;çerçeve;Rel;0;0;0;2;0;1;0;0;0;1;0;5
722;kordon;gülümseme;Rel;0;0;0;0;0;1;0;0;0;0;0;0
723;zeki;akıllı;Rel;10;10;9;6;8;10;9;3;10;9;10;10
724;gençmişçesine;yaşlıymışçasına;Rel;10;10;10;6;8;8;8;8;0;9;10;10
725;nezle;ilaç;Rel;10;5;8;7;8;7;5;5;10;7;9;9
726;ilaç;çare;Rel;9;5;10;8;9;7;6;8;10;7;10;10
727;devlet;para;Rel;10;5;8;8;7;6;4;2;10;7;2;8
728;kavramsallaştırsın;çocuk;Rel;0;0;0;0;0;1;2;0;0;1;0;0
729;somurtma;kağıt;Rel;0;0;0;0;0;1;0;0;0;0;0;0
730;evrensel;bilimci;Rel;4;0;3;1;7;7;4;0;6;5;0;0
731;barınak;soğuk;Rel;4;0;4;5;8;4;4;1;4;6;0;4
732;ilaç;yakıt;Rel;1;0;3;6;0;0;1;2;0;3;0;2
733;evetçiler;yağmur;Rel;0;0;0;0;0;1;0;0;0;1;0;0
734;başlamadılarsa;düzenci;Rel;0;0;0;0;0;1;0;0;0;1;0;0
735;devlet;memur;Rel;10;5;4;6;9;8;4;5;10;7;7;9
736;alkol;sofra;Rel;5;0;3;6;8;7;5;5;10;6;2;9
737;boza;manken;Rel;0;0;0;0;0;1;0;0;0;1;0;0
738;cevher;gözlükçü;Rel;0;0;1;0;0;1;0;0;0;1;0;0
739;anne;memur;Rel;1;1;1;3;0;1;0;0;0;1;0;0
740;oğlan;ilkellik;Rel;0;0;0;3;0;1;0;0;0;1;0;0
741;dostçasına;arkadaşımsı;Rel;9;5;9;8;8;7;10;7;10;8;10;4
742;dua;yüzük;Rel;1;0;0;0;0;5;0;0;0;1;0;0
743;opak;geçirgen;Rel;10;5;10;8;6;8;8;9;2;7;0;10
744;akıllı;deli;Rel;10;10;10;6;8;9;9;9;10;9;10;10
745;din;dua;Rel;10;10;8;7;9;7;7;8;10;8;10;9
746;saydam;süreli;Rel;0;0;0;0;0;8;0;0;0;1;0;0
747;yağcılık;heykel;Rel;0;0;0;0;0;1;0;0;0;1;0;0
748;maymungilleri;muz;Rel;8;3;3;6;7;10;7;8;10;4;5;2
749;oksijen;hayat;Rel;10;8;9;8;8;9;6;7;10;6;8;7
750;hastane;çare;Rel;10;5;9;8;8;7;5;7;10;6;8;8
751;içki;boza;Rel;7;5;1;5;4;3;5;7;0;6;0;0
752;tahta;ahşap;Rel;10;7;5;8;9;7;8;8;10;8;10;9
753;kral;yağcılık;Rel;9;0;6;4;6;8;5;0;10;3;0;3
754;teizm;inançlılık;Rel;10;6;9;7;8;7;7;9;10;8;10;10
755;kordon;sicim;Rel;3;5;0;4;0;8;6;3;0;8;0;10
756;fani;adalet;Rel;3;0;1;0;0;1;2;0;0;3;0;0
757;ikindi;oğlan;Rel;0;0;0;0;0;1;0;0;0;0;0;0
758;deneyimleme;tecrübelenme;Rel;9;5;8;9;8;8;8;10;10;9;10;10
759;satmışlardır;lokanta;Rel;2;0;0;0;0;4;1;0;0;3;0;0
760;kırmızı;namaz;Rel;0;0;0;0;0;1;0;0;0;0;0;0
761;mezarhane;kabristan;Rel;10;6;10;9;8;8;10;9;7;9;10;10
762;ekonomi;para;Rel;10;9;9;7;8;8;7;7;10;8;10;10
763;dua;namaz;Rel;10;9;7;9;8;7;8;7;10;8;10;10
764;arkadaşımsı;kitaphane;Rel;3;0;0;0;0;1;3;0;0;1;0;0
765;enerjik;yorgun;Rel;7;9;9;6;7;9;9;9;10;9;10;10
766;kağıt;gazete;Rel;9;7;6;7;7;7;6;7;10;8;8;9
767;cihaz;radyo;Rel;9;2;6;7;8;6;6;7;10;7;8;8
768;kral;affedişi;Rel;9;0;5;5;6;4;2;0;0;3;0;0
769;yeni;gençmişçesine;Rel;8;2;6;5;0;1;3;1;10;2;0;4
770;öğrenci;hayta;Rel;8;2;7;5;6;7;4;4;10;4;0;2
771;araba;petrol;Rel;10;7;9;7;7;8;8;7;10;6;8;8
772;şiddetli;sarsıcı;Rel;5;5;9;8;8;8;8;7;10;8;10;10
773;su;deniz;Rel;10;7;8;8;9;9;8;4;10;7;9;10
774;başlamadılarsa;başladılarsa;Rel;10;9;10;6;7;7;7;9;10;9;10;10
775;normalleşiyor;anormalleşiyor;Rel;10;9;10;7;7;9;8;9;10;9;10;10
776;kan;kırmızı;Rel;10;7;8;6;7;10;9;8;10;7;9;9
777;beyaz;papatya;Rel;9;5;3;6;7;9;8;8;0;7;9;9
778;kıyı;ormanlık;Rel;8;0;3;4;6;4;7;1;5;6;0;4
779;orman;kabristan;Rel;7;0;3;2;2;6;5;0;7;3;0;3
780;üşengen;harika;Rel;0;0;2;0;0;1;0;0;0;1;0;0
781;normalleşiyor;ısınmış;Rel;0;0;1;0;0;1;0;0;0;3;0;0
782;radyo;müzik;Rel;7;4;9;8;8;6;8;8;10;7;8;8
783;suçlu;masum;Rel;9;10;10;7;8;6;7;8;10;8;10;10
784;erkekçene;yüreklicesine;Rel;10;10;5,866666667;8;7;4;8;5;10;7;8;0
785;ısınmış;barıştırılırken;Rel;1;0;1;0;0;1;0;0;0;1;0;0
786;pratikleştirsin;kavramsallaştırsın;Rel;6;0;1;5;7;1;0;0;6;4;0;9
787;televizyon;cenin;Rel;0;0;0;0;0;1;0;0;0;1;0;0
788;pimpirikli;bıçak;Rel;3;0;0;0;0;1;1;0;0;1;0;0
789;mezarlık;ormanlık;Rel;7;2;1;2;3;3;4;2;7;5;0;3
790;mutluluk;harika;Rel;9;0;9;6;6;7;5;4;10;7;0;2
791;hastane;rahatsız;Rel;8;4;9;5;7;6;5;7;10;6;5;6
792;özgür;yardım;Rel;6;0;0;0;0;7;2;0;0;4;0;0
793;horultu;saray;Rel;1;0;0;0;0;1;0;0;0;1;0;0
794;üretim;sanatçı;Rel;9;5;5;7;0;4;6;0;10;7;0;8
795;peşinatsız;ekonomi;Rel;6;4;6;0;6;7;0;0;10;6;5;8
796;mutfak;ocak;Rel;9;8;8;6;7;7;5;8;10;6;8;8
797;böcek;kelebek;Rel;7;5;7;5;7;8;6;6;10;6;8;9
798;çenebazlığına;geçirgen;Rel;0;0;0;0;0;1;0;0;0;0;0;0
799;geçirgen;cam;Rel;7;6;9;6;8;6;0;5;0;6;8;4
800;beyaz;külot;Rel;9;4;7;6;8;6;5;6;10;6;8;7
801;tımarhane;deli;Rel;10;10;9;8;10;7;8;7;10;7;9;10
802;muhalefetçiler;kemalci;Rel;10;0;1;8;6;8;8;0;10;7;5;0
803;savaştırılırken;cezalandırışı;Rel;9;0;6;0;6;3;6;0;0;4;0;0
804;zaman;ikindi;Rel;8;6;5;6;7;6;7;7;10;6;8;9
805;atatürkist;tecrübelenme;Rel;1;0;0;0;0;2;3;0;0;1;0;0
806;lamba;geceleyin;Rel;10;4;7;7;8;7;7;5;10;6;8;4
807;sabır;sabırsızlık;Rel;10;8;10;7;7;8;10;5;10;9;10;10
808;transparan;deneyimleme;Rel;0;0;0;0;0;1;0;0;0;0;0;0
809;haşarı;hayta;Rel;10;5;8;7;7;10;0;7;10;9;10;10
810;yiyecek;horoz;Rel;3;3;2;7;0;7;0;1;5;2;0;8
811;yoğurt;inançlılık;Rel;0;0;0;0;0;1;0;0;0;1;0;0
812;kıtlıklarda;bolluklarda;Rel;10;10;10;6;7;7;10;9;10;9;10;10
813;siyah;beyaz;Rel;10;10;10;6;8;10;10;10;10;10;10;10
814;otomobil;tren;Rel;6;5;9;7;8;7;7;8;10;7;9;10
815;mutluluk;sicim;Rel;0;0;0;0;0;1;0;0;0;0;0;0
816;fırın;ocak;Rel;10;8;10;6;8;9;7;8;10;6;8;10
817;ipek;kapüşon;Rel;2;0;5;2;7;2;5;0;7;1;0;0
818;savunmaktaydılar;saldırmaktaydılar;Rel;10;7;10;7;8;8;9;9;10;9;10;10
819;bitki;enginar;Rel;5;5;8;8;7;6;7;7;10;5;8;10
820;hukuk;nezle;Rel;0;0;0;0;0;1;0;0;0;1;0;0
821;horultu;gürültü;Rel;6;3;9;6;7;7;7;7;8;7;8;10
822;süt;peynir;Rel;10;7;8;8;7;6;7;8;10;7;10;10
823;bağışlayışı;cezalandırışı;Rel;10;7;10;6;7;7;7;8;10;9;10;10
824;su;çiçek;Rel;9;5;4;7;6;8;2;8;10;7;2;7
825;taşıt;gemicik;Rel;7;3;6;8;7;6;6;6;10;7;8;8
826;yiyecek;meyve;Rel;9;5;7;8;7;7;8;6;10;7;8;9
827;kuşku;şüphe;Rel;10;10;10;6;7;9;10;10;10;10;10;10
828;çocuk;anne;Rel;10;10;9;7;8;6;9;9;10;8;0;10
829;iyiliyorsun;kötülüyorsun;Rel;10;10;10;7;7;8;9;9;10;9;10;10
830;şeffaf;saydam;Rel;10;9;10;8;9;10;8;10;10;10;10;10
831;teizm;çerçeve;Rel;0;0;0;0;0;1;0;0;0;2;0;0
832;anormalleşiyor;kapüşon;Rel;0;0;0;0;0;1;0;0;0;0;0;0
833;sevgili;mutluluk;Rel;8;4;9;6;7;6;6;3;10;6;0;4
834;delilim;televizyon;Rel;2;0;0;0;0;1;1;0;0;2;0;0
835;sofra;bıçak;Rel;8;1;6;3;7;4;7;7;10;6;8;7
836;ipek;gömlek;Rel;8;4;8;7;7;8;7;7;10;6;7;7
837;sanatçı;heykel;Rel;9;4;8;8;8;8;8;7;10;6;7;7
838;medya;yağcılık;Rel;8;4;3;6;7;9;10;0;10;6;0;3
839;din;ibadet;Rel;10;10;8;9;9;8;9;9;10;7;10;10
840;tutsak;yakın;Rel;1;0;1;0;0;1;0;0;0;2;0;0
841;zarar;para;Rel;9;1;7;4;6;6;5;3;0;7;2;8
842;ateistlik;sekülerizmciler;Rel;10;0;7;7;7;6;8;7;5;4;0;0
843;sabahlardaki;kahvaltı;Rel;9;2;8;6;8;8;5;8;10;6;7;9
844;kadın;anne;Rel;9;9;8;8;9;7;7;9;10;7;1;10
845;sabır;mühendis;Rel;3;0;0;5;0;1;2;0;7;2;0;4
846;yakın;sıkı;Rel;8;0;8;7;7;8;6;7;10;6;0;9
847;saray;kral;Rel;10;10;9;9;8;10;10;9;10;6;8;9
848;damar;mezar;Rel;1;0;1;0;0;4;3;0;0;2;0;1
849;kuyumcu;mücevher;Rel;10;10;9;8;9;7;7;9;10;6;8;10
850;müzik;ses;Rel;10;7;9;9;10;8;9;9;10;7;8;10
851;alet;terazi;Rel;4;3;6;5;8;1;9;5;10;5;8;9
852;kesintili;manavınkiler;Rel;0;0;0;0;0;1;0;0;0;1;0;0
853;cansız;ahşap;Rel;1;0;1;5;0;4;2;0;10;2;0;3
854;otobüs;sefer;Rel;10;6;9;6;0;8;8;7;10;5;8;9
855;kahvaltı;adalet;Rel;0;0;0;0;0;1;0;0;0;1;0;0
856;cam;büyücü;Rel;8;0;1;0;0;1;0;0;0;1;0;0
857;anarşist;somurtma;Rel;2;0;1;0;0;1;0;0;0;0;0;0
858;kıtlıklarda;tüketim;Rel;9;0;10;0;7;7;6;3;10;6;0;3
859;kitaphane;kitap;Rel;10;10;10;8;8;9;9;8;10;8;9;9
860;kuşku;sabırsızlık;Rel;3;0;3;0;6;1;0;0;0;3;0;0
861;çiçek;papatya;Rel;9;6;7;9;8;7;8;9;10;7;8;10
862;manken;kelebek;Rel;0;0;0;0;0;1;0;0;0;1;0;0
863;ıslak;yağmur;Rel;9;5;9;7;8;8;8;7;10;7;9;8
864;mühendis;üretim;Rel;8;0;7;8;9;6;6;5;10;6;0;8
865;süreli;ebediyeten;Rel;10;2;9;5;8;1;9;6;0;8;10;10
866;cisim;cihaz;Rel;7;0;9;6;6;4;7;8;10;8;0;9
867;korumaktaydılar;öldürülüşündeki;Rel;7;0;1;0;7;1;5;0;0;3;0;0
868;aile;somut;Rel;0;0;3;0;0;2;0;0;4;1;0;0
869;ses;horultu;Rel;5;3;9;6;7;7;6;7;10;6;5;7
870;sesteş;evetçiler;Rel;0;0;0;0;0;1;4;0;0;0;0;0
871;kemalci;kemalizmcilerden;Rel;10;10;10;8;7;9;10;9;5;8;10;8
872;şiddetli;yorgunluk;Rel;9;0;3;0;0;6;4;0;10;2;0;4
873;papatya;gülüş;Rel;5;0;0;0;0;7;6;0;5;1;0;0
874;ocak;kabristan;Rel;0;0;0;0;0;1;0;0;0;1;0;0
875;tecrübelenme;alışkın;Rel;9;5;2;5;8;1;7;2;6;7;0;3
876;haşarı;pimpirikli;Rel;1;0;1;0;0;1;4;0;0;3;0;0
877;transparan;yoğurt;Rel;0;0;0;0;0;1;0;0;0;1;0;0
878;oruç;taksi;Rel;0;0;0;0;0;1;0;0;0;1;0;0
879;kuyumcu;terazi;Rel;4;0;7;5;7;6;2;3;10;4;0;8
880;oğlan;delikanlı;Rel;7;4;9;7;7;7;8;9;10;8;5;10
881;mezarlık;tavuk;Rel;0;0;0;0;0;1;0;0;0;1;0;0
882;hamile;dükkan;Rel;1;0;0;0;6;6;0;0;0;2;0;0
883;primatçaları;zeki;Rel;8;0;1;0;0;7;4;0;3;3;0;3
884;hastane;tıp;Rel;10;8;9;8;7;8;9;7;10;8;5;9
885;terazi;tıp;Rel;0;0;0;1;0;1;0;0;0;1;0;0
886;avare;uyumlu;Rel;2;0;1;0;0;1;0;0;0;3;0;0
887;sabırsızlık;gözlükçü;Rel;0;0;0;0;0;1;0;0;0;1;0;0
888;kum;kadeh;Rel;2;0;1;3;2;3;5;0;0;1;0;7
889;cinayetindeki;öldürülüşündeki;Rel;9;10;9;9;7;10;10;10;10;9;9;8
890;primatçaları;maymungilleri;Rel;10;6;9;8;9;8;10;10;10;9;0;7
891;sihirbaz;öncülük;Rel;1;0;1;0;0;1;0;0;0;1;0;0
892;kuş;tavuk;Rel;7;5;8;7;7;5;1;5;10;6;8;9
893;giysi;ceket;Rel;9;5;8;9;8;6;7;5;10;7;8;9
894;pamuk;üretim;Rel;10;5;8;8;7;7;5;2;10;4;0;7
895;noksan;eksik;Rel;10;10;10;10;8;10;10;10;10;10;10;10
896;taşıt;otobüs;Rel;9;6;8;7;9;7;8;8;10;7;8;9
897;eşya;radyo;Rel;7;5;6;6;7;7;5;6;10;6;7;9
898;satmışlardır;almışlardır;Rel;10;8;9;6;7;8;9;9;10;10;10;10
899;cihaz;televizyon;Rel;8;5;7;7;7;7;8;3;10;6;7;9
900;suskunluğuna;brüt;Rel;0;0;0;0;0;1;0;0;0;1;0;0
901;suskunluğuna;konuşkanlığına;Rel;10;10;9;6;7;8;9;7;10;9;10;10
902;geceleyin;erkekçene;Rel;7;0;0;0;0;1;0;0;0;0;0;0
903;medya;kral;Rel;8;0;1;3;0;7;0;0;0;2;0;0
904;iyiliyorsun;pratikleştirsin;Rel;4;0;6;4;7;1;0;0;0;4;0;0
905;şüphe;mutluluk;Rel;2;0;3;0;2;4;0;0;0;5;0;0
906;memur;polis;Rel;9;5;4;6;7;7;5;6;10;7;5;9
907;meslek;kuyumcu;Rel;8;5;4;6;7;7;3;7;10;7;7;9
908;fırın;öncülük;Rel;0;0;0;0;0;1;0;0;0;1;0;0
909;eski;yaşlıymışçasına;Rel;6;3;3;6;7;1;3;1;10;4;0;4
910;masum;dostçasına;Rel;8;0;9;0;7;1;2;1;10;2;0;0
911;lokanta;dükkan;Rel;9;0;5;6;7;8;6;5;10;6;0;8
912;ebleh;akıllı;Rel;9;6;9;6;7;0;9;7;10;7;10;10
913;vitrin;televizyon;Rel;5;1;1;0;8;8;2;4;10;4;0;5
914;şeffaf;opak;Rel;10;5;9;7;7;7;10;9;4;8;0;10
915;dua;ölü;Rel;10;5;5;7;7;9;7;7;10;6;5;4
916;yorgunluk;sarsıcı;Rel;7;0;5;7;0;1;3;0;0;5;0;0
917;davadaş;yoldaş;Rel;8;10;9;9;9;10;9;10;6;6;10;10
918;özgür;serbest;Rel;10;10;10;9;9;9;10;10;10;10;10;10
919;gözlük;cam;Rel;10;10;9;8;9;7;9;8;10;7;8;10
920;vicdan;pıhtı;Rel;0;0;0;0;0;1;0;0;0;1;0;0
921;gülüş;gül;Rel;10;5;9;5;1;9;0;2;10;4;0;3
922;kahvaltı;zeytin;Rel;9;7;6;7;7;7;7;7;10;7;8;8
923;ceket;kapüşon;Rel;9;7;9;6;7;6;7;5;10;6;8;7
924;araba;seyahat;Rel;10;7;9;7;8;8;8;8;10;6;8;8
925;evrensel;karışık;Rel;1;0;1;0;0;1;0;0;6;2;0;0
926;beyaz;horultu;Rel;0;0;0;0;0;1;0;0;0;0;0;0
927;gürültü;müzik;Rel;7;6;5;4;7;7;8;7;10;6;0;4
928;taksi;yüzük;Rel;0;0;0;0;0;1;0;0;0;1;0;0
929;başıboş;yorgun;Rel;1;0;0;0;0;1;0;0;0;2;0;0
930;hayvan;kuş;Rel;6;5;7;5;7;7;7;7;10;6;7;9
931;opak;çamaşır;Rel;0;5;7;0;0;1;0;0;0;0;0;0
932;kahin;şüphe;Rel;9;0;2;0;0;1;0;0;0;4;0;0
933;çenebazlığına;kirlice;Rel;0;0;0;0;0;1;0;0;0;1;0;0
934;serin;sıcak;Rel;10;6;9;6;7;9;10;9;10;9;0;9
935;inançlılık;ateistlik;Rel;10;10;10;6;7;8;8;9;10;9;10;10
936;konuşkanlığına;çenebazlığına;Rel;10;10;10;6;7;8;9;10;10;9;10;10
937;sanatçı;şair;Rel;10;5;8;9;8;7;8;9;10;7;7;10
938;mezarhane;ölü;Rel;10;6;8;8;9;8;8;8;10;6;9;8
939;anarşist;aykırı;Rel;10;6;10;8;8;8;9;5;10;9;9;8
940;uzak;fazlalık;Rel;2;0;7;1;0;1;0;0;0;4;0;5
941;fazlalık;noksan;Rel;10;7;9;6;7;7;9;5;10;8;10;9
942;meslek;sanatçı;Rel;9;5;6;7;7;7;7;6;10;7;7;9
943;tıp;yardım;Rel;9;5;8;8;7;8;2;8;10;7;4;9
944;kuyumcu;yüzük;Rel;10;10;9;8;8;8;9;8;10;7;7;9
945;meyve;manavınkiler;Rel;10;9;8;8;8;8;9;8;10;6;7;9
946;devlet;korumaktaydılar;Rel;9;5;5;3;7;3;0;0;10;3;0;9
947;kelebek;kemik;Rel;0;0;0;0;0;1;0;0;0;1;0;0
948;harika;şahane;Rel;10;10;10;7;8;9;9;7;10;10;10;10
949;faiz;kazanç;Rel;10;10;8;6;8;7;8;9;10;7;5;9
950;mezarlık;mezar;Rel;10;7;10;9;8;9;9;10;10;9;9;10
951;gazete;haber;Rel;10;10;9;7;9;8;10;9;10;8;9;10
952;kıyı;sahil;Rel;9;10;7;7;8;9;10;10;10;9;9;10
953;hukuk;ispatım;Rel;9;5;7;6;8;7;8;8;10;7;0;9
954;gündüz;geceleyin;Rel;10;10;10;6;7;8;9;9;10;8;10;10
955;noksan;gömlek;Rel;1;0;0;0;0;1;0;0;0;0;0;0
956;kötülüyorsun;bolluklarda;Rel;0;0;0;0;0;1;0;0;0;2;0;0
957;alışkın;yeni;Rel;9;0;8;5;6;1;0;0;10;7;5;4
958;uygulamak;alet;Rel;7;4;8;3;6;1;0;2;0;3;0;4
959;cevher;mücevher;Rel;7;5;9;0;7;10;7;9;7;5;3;9
960;medya;gazete;Rel;10;7;7;8;8;7;9;9;10;7;5;10
961;kadeh;içki;Rel;10;10;8;9;7;8;7;8;10;6;9;10
962;atletik;ebleh;Rel;1;0;1;0;2;1;0;1;0;1;0;0
963;okul;öğrenci;Rel;10;10;9;8;9;8;9;8;10;7;9;10
964;öldürülüşündeki;suçlu;Rel;10;0;7;3;8;7;8;6;10;7;9;8
965;düzenci;anarşist;Rel;9;8;4;6;7;8;8;2;10;8;10;10
966;kıyı;gemicik;Rel;8;5;1;0;6;7;8;1;10;5;7;8
967;oruç;zaman;Rel;8;8;5;2;8;7;7;4;10;4;5;8
968;kadın;çocuk;Rel;9;10;8;5;8;8;5;9;10;7;2;6
969;ateistlik;teizm;Rel;10;10;8;6;7;8;10;9;10;8;10;10
970;barıştırılırken;savaştırılırken;Rel;10;10;9;6;7;9;10;9;10;9;10;10
971;horoz;alet;Rel;0;0;0;0;0;1;0;0;0;1;0;0
972;borçlanmak;alacaklanmak;Rel;10;10;8;6;7;8;10;8;10;9;10;10
973;maymunsuları;maymungilleri;Rel;10;10;9;8;8;9;10;8;10;9;10;8
974;hamile;düzenci;Rel;0;0;1;0;0;1;0;0;0;0;0;0
975;öğle;orman;Rel;1;0;0;0;0;1;0;0;0;1;0;0
976;otomobil;araba;Rel;10;9;10;8;8;10;10;9;10;9;9;10
977;meyve;muz;Rel;8;7;8;8;8;7;8;7;10;7;8;9
978;süt;bilişim;Rel;0;0;0;0;0;1;0;0;0;1;0;0
979;atatürkist;davadaş;Rel;3;0;1;4;6;8;6;1;0;4;0;5
980;mezar;ölü;Rel;10;10;8;9;10;10;9;8;10;7;9;9
981;vitrin;manken;Rel;9;10;4;6;8;9;6;8;10;6;5;9
982;turizm;düzenci;Rel;0;0;0;0;0;1;0;0;0;1;0;0
983;fani;ölü;Rel;10;10;10;6;8;8;5;7;10;6;7;9
984;sosyalleştirdikleri;başıboş;Rel;2;0;0;0;0;1;0;0;0;3;0;0
985;kirlice;lamba;Rel;4;0;0;0;5;2;0;0;0;1;0;0
986;kadın;hamile;Rel;9;10;8;7;9;8;9;9;10;6;3;8
987;karışık;temiz;Rel;1;0;5;1;6;1;0;5;0;1;0;4
988;şair;sabır;Rel;2;0;1;2;6;1;0;0;7;2;0;0
989;maymunsuları;kuş;Rel;3;4;0;5;6;2;7;1;10;4;0;4
990;şeffaf;transparan;Rel;10;10;10;8;10;9;10;10;10;9;10;10
991;hayvan;böcek;Rel;7;8;7;7;7;7;8;7;10;7;8;9
992;cisim;somut;Rel;7;5;9;7;7;8;7;5;10;6;0;9
993;aile;anne;Rel;9;10;9;8;9;7;8;8;10;8;8;8
994;varlık;cisim;Rel;7;5;10;8;6;8;8;9;10;7;0;7
995;öğle;ikindi;Rel;10;7;7;6;7;8;9;9;10;8;10;9
996;soğuk;sıcak;Rel;10;10;10;6;9;10;10;9;10;9;10;10
997;peşinatsız;gülümseme;Rel;1;0;0;0;0;1;0;0;0;1;0;0
998;kum;hastane;Rel;0;0;0;0;0;1;1;0;0;0;0;0
999;fırın;kahin;Rel;0;0;0;0;0;1;0;0;0;1;0;0
1000;uyumlu;aykırı;Rel;10;10;9;6;8;9;10;9;10;9;10;10
