QID;W1;W2;Sim;Rel;S;D;R;U;SR;DR;SU;DU;AVG-C;W1F;W2F;AnyOOV;TwoOOV;EstSyn;EstAnt;EstRHigh;EstRMed;EstRLow;EstHyp;EstMer;W1-RWG;W2-RWG;RWMin;W1-DG;W2-DG;DGMax;W1-IG;W2-IG;IGMax
1;mýzrap;barýnak;0,166666667;0,083333333;FALSE;TRUE;FALSE;TRUE;FALSE;FALSE;FALSE;TRUE;6,15;150;890;FALSE;FALSE;0;0;0;0;1;0;0;2;3;2;0;1;1;0;0;0
2;kýrmýzý;gül;1,166666667;7,166666667;FALSE;TRUE;TRUE;FALSE;FALSE;TRUE;FALSE;FALSE;;56298;64994;FALSE;FALSE;0;0;1;0;0;0;0;5;5;5;0;0;0;0;0;0
3;suçlu;ţüphe;2,416666667;7;FALSE;TRUE;TRUE;FALSE;FALSE;TRUE;FALSE;FALSE;4,69;13535;9721;FALSE;FALSE;0;0;1;0;0;0;0;4;4;4;1;0;1;0;0;0
4;laikçiler;sekülerizmciler;9;9,416666667;TRUE;FALSE;TRUE;FALSE;TRUE;FALSE;FALSE;FALSE;;66;0;TRUE;FALSE;1;0;1;0;0;0;0;2;0;0;2;0;2;0;0;0
5;bitki;zeytin;3,666666667;6,75;FALSE;TRUE;TRUE;FALSE;FALSE;TRUE;FALSE;FALSE;6,6;11980;7488;FALSE;FALSE;0;0;0;1;0;1;0;4;4;4;0;0;0;0;0;0
6;serin;sođuk;7,25;8,833333333;TRUE;FALSE;TRUE;FALSE;TRUE;FALSE;FALSE;FALSE;5,03;3675;37223;FALSE;FALSE;1;0;1;0;0;0;0;4;5;4;0;0;0;0;0;0
7;gül;pamuk;2,083333333;3,583333333;FALSE;TRUE;FALSE;TRUE;FALSE;FALSE;FALSE;TRUE;6,79;64994;17842;FALSE;FALSE;0;0;0;1;0;0;0;5;4;4;0;0;0;0;0;0
8;içki;alkol;7,75;9,083333333;TRUE;FALSE;TRUE;FALSE;TRUE;FALSE;FALSE;FALSE;6,44;16126;16236;FALSE;FALSE;0;0;1;0;0;1;0;4;4;4;1;0;1;0;0;0
9;köle;serbest;0,333333333;6,5;FALSE;TRUE;TRUE;FALSE;FALSE;TRUE;FALSE;FALSE;;3000;87614;FALSE;FALSE;0;1;1;0;0;0;0;3;5;3;0;0;0;0;0;0
10;saray;pýhtý;0,333333333;0,166666667;FALSE;TRUE;FALSE;TRUE;FALSE;FALSE;FALSE;TRUE;6,56;21135;325;FALSE;FALSE;0;0;0;0;1;0;0;4;2;2;0;0;0;0;0;0
11;affediţi;bađýţlayýţý;9,083333333;9;TRUE;FALSE;TRUE;FALSE;TRUE;FALSE;FALSE;FALSE;;1;0;TRUE;FALSE;1;0;1;0;0;0;0;1;0;0;2;2;2;1;1;1
12;sofra;zeytin;1,75;7,166666667;FALSE;TRUE;TRUE;FALSE;FALSE;TRUE;FALSE;FALSE;6,37;2120;7488;FALSE;FALSE;0;0;0;1;0;0;1;3;4;3;0;0;0;0;0;0
13;eţya;gözlük;2,333333333;6;FALSE;TRUE;TRUE;FALSE;FALSE;TRUE;FALSE;FALSE;6,56;18174;3238;FALSE;FALSE;0;0;0;1;0;1;0;4;3;3;0;1;1;0;0;0
14;meslek;mühendis;2,416666667;6,916666667;FALSE;TRUE;TRUE;FALSE;FALSE;TRUE;FALSE;FALSE;;63185;7509;FALSE;FALSE;0;0;0;1;0;1;0;5;4;4;0;0;0;0;0;0
15;savunmaktaydýlar;korumaktaydýlar;8,166666667;8,5;TRUE;FALSE;TRUE;FALSE;TRUE;FALSE;FALSE;FALSE;;5;2;FALSE;FALSE;1;0;1;0;0;0;0;1;1;1;1;1;1;2;2;2
16;peynir;ipek;0,833333333;0,5;FALSE;TRUE;FALSE;TRUE;FALSE;FALSE;FALSE;TRUE;6,88;7434;10942;FALSE;FALSE;0;0;0;0;1;0;0;4;4;4;0;0;0;0;0;0
17;turizm;seyahat;4,5;8,25;FALSE;TRUE;TRUE;FALSE;FALSE;TRUE;FALSE;FALSE;3,28;55821;15936;FALSE;FALSE;0;0;1;0;0;0;0;5;4;4;1;0;1;0;0;0
18;týknaz;uyumlu;0,166666667;0,833333333;FALSE;TRUE;FALSE;TRUE;FALSE;FALSE;FALSE;TRUE;;124;18774;FALSE;FALSE;0;0;0;0;1;0;0;2;4;2;0;1;1;0;0;0
19;kemalci;atatürkist;8,75;9,636363636;TRUE;FALSE;TRUE;FALSE;TRUE;FALSE;FALSE;FALSE;;59;0;TRUE;FALSE;1;0;1;0;0;0;0;2;0;0;1;1;1;0;0;0
20;polis;yardým;3,333333333;7,583333333;FALSE;TRUE;TRUE;FALSE;FALSE;TRUE;FALSE;FALSE;6,55;93497;100548;FALSE;FALSE;0;0;0;1;0;0;0;5;5;5;0;0;0;0;0;0
21;gürültü;otobüs;0,916666667;5;FALSE;TRUE;TRUE;FALSE;FALSE;TRUE;FALSE;FALSE;5,29;6332;15906;FALSE;FALSE;0;0;0;1;0;0;0;4;4;4;2;0;2;0;0;0
22;temiz;titiz;7,833333333;9,166666667;TRUE;FALSE;TRUE;FALSE;TRUE;FALSE;FALSE;FALSE;3,89;23343;4640;FALSE;FALSE;0;0;1;0;0;0;0;4;4;4;0;0;0;0;0;0
23;kitaplýklar;kitap;3,5;8,75;FALSE;TRUE;TRUE;FALSE;FALSE;TRUE;FALSE;FALSE;;84;70642;FALSE;FALSE;0;0;1;0;0;0;1;2;5;2;1;0;1;1;0;1
24;böcek;karýnca;3,5;7,333333333;FALSE;TRUE;TRUE;FALSE;FALSE;TRUE;FALSE;FALSE;;2994;2158;FALSE;FALSE;0;0;0;1;0;0;0;3;3;3;0;0;0;0;0;0
25;gazete;kitap;4,916666667;7,166666667;FALSE;TRUE;TRUE;FALSE;FALSE;TRUE;FALSE;FALSE;6,81;49607;70642;FALSE;FALSE;0;0;0;1;0;0;0;5;5;5;0;0;0;0;0;0
26;okul;kordon;0,25;1,083333333;FALSE;TRUE;FALSE;TRUE;FALSE;FALSE;FALSE;TRUE;6,6;55774;1701;FALSE;FALSE;0;0;0;0;1;0;0;5;3;3;0;0;0;0;0;0
27;ibadet;oruç;5,416666667;8,25;TRUE;FALSE;TRUE;FALSE;TRUE;FALSE;FALSE;FALSE;2,67;5116;7029;FALSE;FALSE;0;0;1;0;0;1;0;4;4;4;0;0;0;0;0;0
28;varlýk;hayvan;2,416666667;5,5;FALSE;TRUE;TRUE;FALSE;FALSE;TRUE;FALSE;FALSE;3,78;14909;22519;FALSE;FALSE;0;0;0;1;0;1;0;4;4;4;1;0;1;0;0;0
29;tüketim;üretim;0,25;8,5;FALSE;TRUE;TRUE;FALSE;FALSE;TRUE;FALSE;FALSE;3,73;24279;70594;FALSE;FALSE;0;1;1;0;0;0;0;4;5;4;1;1;1;0;0;0
30;sihirbaz;büyücü;7,583333333;7,333333333;TRUE;FALSE;TRUE;FALSE;TRUE;FALSE;FALSE;FALSE;;943;922;FALSE;FALSE;1;0;0;1;0;0;0;3;3;3;1;1;1;0;0;0
31;giysi;gömlek;4,333333333;7,416666667;FALSE;TRUE;TRUE;FALSE;FALSE;TRUE;FALSE;FALSE;6,54;2773;4340;FALSE;FALSE;0;0;0;1;0;1;0;3;4;3;1;0;1;0;0;0
32;hayvan;tavuk;3,333333333;7,25;FALSE;TRUE;TRUE;FALSE;FALSE;TRUE;FALSE;FALSE;6,49;22519;11603;FALSE;FALSE;0;0;0;1;0;1;0;4;4;4;0;0;0;0;0;0
33;sevgili;çiçek;1,166666667;6,5;FALSE;TRUE;TRUE;FALSE;FALSE;TRUE;FALSE;FALSE;4,69;37193;33522;FALSE;FALSE;0;0;1;0;0;0;0;5;5;5;1;0;1;0;0;0
34;turizm;ekonomi;2;5,833333333;FALSE;TRUE;TRUE;FALSE;FALSE;TRUE;FALSE;FALSE;3,28;55821;72584;FALSE;FALSE;0;0;1;0;0;0;0;5;5;5;1;0;1;0;0;0
35;eski;yeni;0,166666667;9;FALSE;TRUE;TRUE;FALSE;FALSE;TRUE;FALSE;FALSE;;249377;770145;FALSE;FALSE;0;1;1;0;0;0;0;5;5;5;0;0;0;0;0;0
36;yüzük;sevgili;1,416666667;6,083333333;FALSE;TRUE;TRUE;FALSE;FALSE;TRUE;FALSE;FALSE;6,81;3197;37193;FALSE;FALSE;0;0;0;1;0;0;0;3;5;3;0;1;1;0;0;0
37;primatçalarý;maymunsularý;6,333333333;8,166666667;TRUE;FALSE;TRUE;FALSE;TRUE;FALSE;FALSE;FALSE;;0;0;TRUE;TRUE;1;0;1;0;0;0;0;0;0;0;1;2;2;2;2;2
38;bilimci;faiz;0,25;0,333333333;FALSE;TRUE;FALSE;TRUE;FALSE;FALSE;FALSE;TRUE;5,46;1213;96787;FALSE;FALSE;0;0;0;0;1;0;0;3;5;3;2;0;2;0;0;0
39;gündüz;öđle;4,5;8,166666667;FALSE;TRUE;TRUE;FALSE;FALSE;TRUE;FALSE;FALSE;;16396;14001;FALSE;FALSE;0;0;1;0;0;0;0;4;4;4;0;0;0;0;0;0
40;otomobil;taksi;5,833333333;8,583333333;TRUE;FALSE;TRUE;FALSE;TRUE;FALSE;FALSE;FALSE;;46731;7692;FALSE;FALSE;0;0;1;0;0;1;0;5;4;4;0;0;0;0;0;0
41;çare;sos;1;1,25;FALSE;TRUE;FALSE;TRUE;FALSE;FALSE;FALSE;TRUE;;12319;2820;FALSE;FALSE;0;0;0;0;1;0;0;4;3;3;0;0;0;0;0;0
42;evrensel;sos;0,583333333;0,916666667;FALSE;TRUE;FALSE;TRUE;FALSE;FALSE;FALSE;TRUE;2,2;15287;2820;FALSE;FALSE;0;0;0;0;1;0;0;4;3;3;1;0;1;0;0;0
43;viski;varlýk;0,833333333;0,833333333;FALSE;TRUE;FALSE;TRUE;FALSE;FALSE;FALSE;TRUE;6,83;1693;14909;FALSE;FALSE;0;0;0;1;0;0;0;3;4;3;0;1;1;0;0;0
44;alacaklanmak;tabure;0,25;0,083333333;FALSE;TRUE;FALSE;TRUE;FALSE;FALSE;FALSE;TRUE;;0;136;TRUE;FALSE;0;0;0;0;1;0;0;0;2;0;1;0;1;1;0;1
45;sebze;enginar;3,583333333;7,25;FALSE;TRUE;TRUE;FALSE;FALSE;TRUE;FALSE;FALSE;6,71;12357;1068;FALSE;FALSE;0;0;0;1;0;1;0;4;3;3;0;0;0;0;0;0
46;damar;rahatsýz;0,583333333;3,75;FALSE;TRUE;FALSE;TRUE;FALSE;FALSE;FALSE;TRUE;6,52;15392;35800;FALSE;FALSE;0;0;0;1;0;0;0;4;5;4;0;1;1;0;0;0
47;öđrenci;yađcýlýk;0,416666667;4;FALSE;TRUE;FALSE;TRUE;FALSE;FALSE;FALSE;TRUE;6,18;67682;163;FALSE;FALSE;0;0;0;1;0;0;0;5;2;2;1;2;2;0;0;0
48;bitki;sebze;3,666666667;7,333333333;FALSE;TRUE;TRUE;FALSE;FALSE;TRUE;FALSE;FALSE;6,6;11980;12357;FALSE;FALSE;0;0;0;1;0;0;1;4;4;4;0;0;0;0;0;0
49;zarar;týmarhane;0,333333333;1,083333333;FALSE;TRUE;FALSE;TRUE;FALSE;FALSE;FALSE;TRUE;2,41;70292;113;FALSE;FALSE;0;0;0;0;1;0;0;5;2;2;0;1;1;0;0;0
50;kelebek;eski;0,166666667;0,083333333;FALSE;TRUE;FALSE;TRUE;FALSE;FALSE;FALSE;TRUE;6,8;3657;249377;FALSE;FALSE;0;0;0;0;1;0;0;4;5;4;0;0;0;0;0;0
51;zaman;gündüz;2,5;7,166666667;FALSE;TRUE;TRUE;FALSE;FALSE;TRUE;FALSE;FALSE;2,19;495060;16396;FALSE;FALSE;0;0;0;1;0;1;0;5;4;4;0;0;0;0;0;0
52;meslek;polis;2,833333333;7,083333333;FALSE;TRUE;TRUE;FALSE;FALSE;TRUE;FALSE;FALSE;;63185;93497;FALSE;FALSE;0;0;0;1;0;1;0;5;5;5;0;0;0;0;0;0
53;su;yađmur;4,25;8;FALSE;TRUE;TRUE;FALSE;FALSE;TRUE;FALSE;FALSE;6,8;129707;22203;FALSE;FALSE;0;0;1;0;0;0;1;5;4;4;0;0;0;0;0;0
54;nefes;soyut;0,666666667;0,833333333;FALSE;TRUE;FALSE;TRUE;FALSE;FALSE;FALSE;TRUE;5,68;20542;4801;FALSE;FALSE;0;0;0;0;1;0;0;4;4;4;0;0;0;0;0;0
55;yedigen;aykýrý;0,25;0,416666667;FALSE;TRUE;FALSE;TRUE;FALSE;FALSE;FALSE;TRUE;;0;41324;TRUE;FALSE;0;0;0;0;1;0;0;0;5;0;1;0;1;0;0;0
56;titiz;pimpirikli;6,25;6,833333333;TRUE;FALSE;TRUE;FALSE;TRUE;FALSE;FALSE;FALSE;2,48;4640;25;FALSE;FALSE;1;0;1;0;0;0;0;4;1;1;0;1;1;0;0;0
57;fotođraf;karton;1;3,833333333;FALSE;TRUE;FALSE;TRUE;FALSE;FALSE;FALSE;TRUE;6,62;80225;1467;FALSE;FALSE;0;0;0;1;0;0;0;5;3;3;0;0;0;0;0;0
58;tutsak;serbest;0,25;8,416666667;FALSE;TRUE;TRUE;FALSE;FALSE;TRUE;FALSE;FALSE;;1783;87614;FALSE;FALSE;0;1;0;1;0;0;0;3;5;3;1;0;1;0;0;0
59;fazlalýk;ýsýnmýţ;0,166666667;1,333333333;FALSE;TRUE;FALSE;TRUE;FALSE;FALSE;FALSE;TRUE;3,99;1000;273;FALSE;FALSE;0;0;0;0;1;0;0;3;2;2;1;2;2;0;0;0
60;laikçiler;tepe;0,25;0,454545455;FALSE;TRUE;FALSE;TRUE;FALSE;FALSE;FALSE;TRUE;;66;7356;FALSE;FALSE;0;0;0;0;1;0;0;2;4;2;2;0;2;0;0;0
61;suçlu;bađýţlayýţý;0,416666667;6,25;FALSE;TRUE;TRUE;FALSE;FALSE;TRUE;FALSE;FALSE;4,69;13535;0;TRUE;FALSE;0;0;1;0;0;0;0;4;0;0;1;2;2;0;1;1
62;serbest;radyo;0,166666667;1,727272727;FALSE;TRUE;FALSE;TRUE;FALSE;FALSE;FALSE;TRUE;2,09;87614;31478;FALSE;FALSE;0;0;0;0;1;0;0;5;4;4;0;0;0;0;0;0
63;uzun;týknaz;0,166666667;4,333333333;FALSE;TRUE;FALSE;TRUE;FALSE;FALSE;FALSE;TRUE;;230525;124;FALSE;FALSE;0;1;1;0;0;0;0;5;2;2;0;0;0;0;0;0
64;kan;pýhtý;2,916666667;7,833333333;FALSE;TRUE;TRUE;FALSE;FALSE;TRUE;FALSE;FALSE;6,7;54264;325;FALSE;FALSE;0;0;0;1;0;0;0;5;2;2;0;0;0;0;0;0
65;delilim;ispatým;9,166666667;9,5;TRUE;FALSE;TRUE;FALSE;TRUE;FALSE;FALSE;FALSE;;11;5;FALSE;FALSE;1;0;1;0;0;0;0;1;1;1;0;0;0;1;1;1
66;erkekçene;eksik;0,166666667;0,5;FALSE;TRUE;FALSE;TRUE;FALSE;FALSE;FALSE;TRUE;;1;29303;FALSE;FALSE;0;0;0;0;1;0;0;1;4;1;2;1;2;0;0;0
67;delilim;deli;0,666666667;0,833333333;FALSE;TRUE;FALSE;TRUE;FALSE;FALSE;FALSE;TRUE;;11;15669;FALSE;FALSE;0;0;0;0;1;0;0;1;4;1;0;0;0;1;0;1
68;üţengeç;üţengen;8,25;7,833333333;TRUE;FALSE;TRUE;FALSE;TRUE;FALSE;FALSE;FALSE;3,06;47;0;TRUE;FALSE;1;0;1;0;0;0;0;2;0;0;1;1;1;0;0;0
69;gül;dostçasýna;0,25;2,083333333;FALSE;TRUE;FALSE;TRUE;FALSE;FALSE;FALSE;TRUE;6,79;64994;0;TRUE;FALSE;0;0;0;1;0;0;0;5;0;0;0;0;0;0;0;0
70;kum;karýnca;1,166666667;4,5;FALSE;TRUE;FALSE;TRUE;FALSE;FALSE;FALSE;TRUE;6,62;6726;2158;FALSE;FALSE;0;0;0;1;0;0;0;4;3;3;0;0;0;0;0;0
71;tutsak;köle;7;9,25;TRUE;FALSE;TRUE;FALSE;TRUE;FALSE;FALSE;FALSE;;1783;3000;FALSE;FALSE;1;0;1;0;0;0;0;3;3;3;1;0;1;0;0;0
72;kazanç;aykýrý;0,166666667;0,666666667;FALSE;TRUE;FALSE;TRUE;FALSE;FALSE;FALSE;TRUE;4,1;12123;41324;FALSE;FALSE;0;0;0;0;1;0;0;4;5;4;1;0;1;0;0;0
73;içki;viski;4,25;8,583333333;FALSE;TRUE;TRUE;FALSE;FALSE;TRUE;FALSE;FALSE;6,44;16126;1693;FALSE;FALSE;0;0;1;0;0;1;0;4;3;3;1;0;1;0;0;0
74;üţengen;yedigen;0,166666667;0,25;FALSE;TRUE;FALSE;TRUE;FALSE;FALSE;FALSE;TRUE;0;0;0;TRUE;TRUE;0;0;0;0;1;0;0;0;0;0;1;1;1;0;0;0
75;mutfak;kahvaltý;2;7,083333333;FALSE;TRUE;TRUE;FALSE;FALSE;TRUE;FALSE;FALSE;6,75;9902;6430;FALSE;FALSE;0;0;0;1;0;0;0;4;4;4;0;0;0;0;0;0
76;çamaţýr;külot;4,75;8;FALSE;TRUE;TRUE;FALSE;FALSE;TRUE;FALSE;FALSE;;4839;291;FALSE;FALSE;1;0;1;0;0;1;0;4;2;2;0;0;0;0;0;0
77;yorgun;yorgunluk;4,916666667;8,916666667;FALSE;TRUE;TRUE;FALSE;FALSE;TRUE;FALSE;FALSE;3,41;7932;4796;FALSE;FALSE;0;0;1;0;0;0;0;4;4;4;1;2;2;0;0;0
78;transparan;kemik;0,166666667;0,583333333;FALSE;TRUE;FALSE;TRUE;FALSE;FALSE;FALSE;TRUE;;597;9289;FALSE;FALSE;0;0;0;0;1;0;1;3;4;3;0;0;0;0;0;0
79;muz;yođurt;1,166666667;3,416666667;FALSE;TRUE;FALSE;TRUE;FALSE;FALSE;FALSE;TRUE;6,92;2917;5450;FALSE;FALSE;0;0;0;1;0;0;0;3;4;3;0;0;0;0;0;0
80;damar;kan;2,333333333;8,416666667;FALSE;TRUE;TRUE;FALSE;FALSE;TRUE;FALSE;FALSE;6,52;15392;54264;FALSE;FALSE;0;0;1;0;0;0;1;4;5;4;0;0;0;0;0;0
81;ilkellik;cenin;0,333333333;1,416666667;FALSE;TRUE;FALSE;TRUE;FALSE;FALSE;FALSE;TRUE;;167;1560;FALSE;FALSE;0;0;0;0;1;0;0;2;3;2;0;0;0;0;0;0
82;temiz;kirlice;0,25;7,333333333;FALSE;TRUE;TRUE;FALSE;FALSE;TRUE;FALSE;FALSE;3,89;23343;0;TRUE;FALSE;0;1;1;0;0;0;0;4;0;0;0;1;1;0;0;0
83;modernite;öncülük;1,916666667;5,333333333;FALSE;TRUE;TRUE;FALSE;FALSE;TRUE;FALSE;FALSE;;560;4570;FALSE;FALSE;0;0;0;1;0;0;0;3;4;3;0;2;2;0;0;0
84;peţinatsýz;borçlanmak;1,416666667;6;FALSE;TRUE;TRUE;FALSE;FALSE;TRUE;FALSE;FALSE;3,83;127;528;FALSE;FALSE;0;0;1;0;0;0;0;2;3;2;2;1;2;0;1;1
85;öđrenci;kitap;1,416666667;7,333333333;FALSE;TRUE;TRUE;FALSE;FALSE;TRUE;FALSE;FALSE;6,18;67682;70642;FALSE;FALSE;0;0;1;0;0;0;0;5;5;5;1;0;1;0;0;0
86;mühendis;biliţim;2,333333333;6,833333333;FALSE;TRUE;TRUE;FALSE;FALSE;TRUE;FALSE;FALSE;5,49;7509;19208;FALSE;FALSE;0;0;0;1;0;0;0;4;4;4;0;2;2;0;0;0
87;zeki;çocuk;0,833333333;5,25;FALSE;TRUE;TRUE;FALSE;FALSE;TRUE;FALSE;FALSE;2,29;25139;137866;FALSE;FALSE;0;0;0;1;0;0;0;4;5;4;0;0;0;0;0;0
88;avare;baţýboţ;8,416666667;9,25;TRUE;FALSE;TRUE;FALSE;TRUE;FALSE;FALSE;FALSE;3,07;460;1234;FALSE;FALSE;1;0;1;0;0;0;0;3;3;3;0;0;0;0;0;0
89;tren;inançlýlýk;0,166666667;0,166666667;FALSE;TRUE;FALSE;TRUE;FALSE;FALSE;FALSE;TRUE;6,9;14751;6;FALSE;FALSE;0;0;0;0;1;0;0;4;1;1;0;2;2;0;0;0
90;mücevher;ţahane;0,5;2,75;FALSE;TRUE;FALSE;TRUE;FALSE;FALSE;FALSE;TRUE;;2332;3655;FALSE;FALSE;0;0;0;1;0;0;0;3;4;3;0;0;0;0;0;0
91;baţladýlarsa;bitirdilerse;0,083333333;7,916666667;FALSE;TRUE;TRUE;FALSE;FALSE;TRUE;FALSE;FALSE;;19;5;FALSE;FALSE;0;1;1;0;0;0;0;1;1;1;0;1;1;2;0;2
92;keţiţ;köle;0,583333333;1,833333333;FALSE;TRUE;FALSE;TRUE;FALSE;FALSE;FALSE;TRUE;;306;3000;FALSE;FALSE;0;0;0;0;1;0;0;2;3;2;0;0;0;0;0;0
93;palto;ceket;6,75;8;TRUE;FALSE;TRUE;FALSE;TRUE;FALSE;FALSE;FALSE;6,77;855;2581;FALSE;FALSE;1;0;1;0;0;0;0;3;3;3;0;0;0;0;0;0
94;oksijen;su;2;7,666666667;FALSE;TRUE;TRUE;FALSE;FALSE;TRUE;FALSE;FALSE;5,69;6174;129707;FALSE;FALSE;0;0;0;1;0;0;0;4;5;4;0;0;0;0;0;0
95;taţýt;tren;3,583333333;8,166666667;FALSE;TRUE;TRUE;FALSE;FALSE;TRUE;FALSE;FALSE;6,63;10701;14751;FALSE;FALSE;0;0;0;1;0;1;0;4;4;4;1;0;1;0;0;0
96;kýyý;tepe;0,916666667;4,083333333;FALSE;TRUE;FALSE;TRUE;FALSE;FALSE;FALSE;TRUE;;5868;7356;FALSE;FALSE;0;0;0;1;0;0;0;4;4;4;0;0;0;0;0;0
97;adalet;vicdan;2,833333333;6,5;FALSE;TRUE;TRUE;FALSE;FALSE;TRUE;FALSE;FALSE;;59379;5873;FALSE;FALSE;0;0;0;1;0;0;0;5;4;4;0;0;0;0;0;0
98;rahatsýz;alýţkýn;0,166666667;4,416666667;FALSE;TRUE;FALSE;TRUE;FALSE;FALSE;FALSE;TRUE;;35800;1678;FALSE;FALSE;0;0;0;1;0;0;0;5;3;3;1;2;2;0;0;0
99;kavramsallaţtýrsýn;soyut;1;4,818181818;FALSE;TRUE;FALSE;TRUE;FALSE;FALSE;FALSE;TRUE;;0;4801;TRUE;FALSE;0;0;1;0;0;0;0;0;4;0;2;0;2;1;0;1
100;hayat;fani;1,583333333;7,083333333;FALSE;TRUE;TRUE;FALSE;FALSE;TRUE;FALSE;FALSE;3;65846;1028;FALSE;FALSE;0;0;1;0;0;0;0;5;3;3;0;0;0;0;0;0
101;ýslak;deniz;1,833333333;6,666666667;FALSE;TRUE;TRUE;FALSE;FALSE;TRUE;FALSE;FALSE;;3612;116696;FALSE;FALSE;0;0;1;0;0;0;1;4;5;4;0;0;0;0;0;0
102;kitaplýklar;kitaphane;7,166666667;8,416666667;TRUE;FALSE;TRUE;FALSE;TRUE;FALSE;FALSE;FALSE;;84;1;FALSE;FALSE;1;0;1;0;0;0;0;2;1;1;1;1;1;1;0;1
103;din;vicdan;1,75;5,416666667;FALSE;TRUE;TRUE;FALSE;FALSE;TRUE;FALSE;FALSE;2,22;51607;5873;FALSE;FALSE;0;0;0;1;0;0;0;5;4;4;0;0;0;0;0;0
104;brüt;çamaţýr;0,25;0,083333333;FALSE;TRUE;FALSE;TRUE;FALSE;FALSE;FALSE;TRUE;;7022;4839;FALSE;FALSE;0;0;0;0;1;0;0;4;4;4;0;0;0;0;0;0
105;týknaz;ţiddetli;0,333333333;0,166666667;FALSE;TRUE;FALSE;TRUE;FALSE;FALSE;FALSE;TRUE;;124;14198;FALSE;FALSE;0;0;0;0;1;0;0;2;4;2;0;1;1;0;0;0
106;yüreklicesine;gevţek;0,166666667;0,25;FALSE;TRUE;FALSE;TRUE;FALSE;FALSE;FALSE;TRUE;;0;2089;TRUE;FALSE;0;0;0;0;1;0;0;0;3;0;0;0;0;0;0;0
107;cenin;kuyumcu;0,166666667;0,083333333;FALSE;TRUE;FALSE;TRUE;FALSE;FALSE;FALSE;TRUE;;1560;1472;FALSE;FALSE;0;0;0;0;1;0;0;3;3;3;0;1;1;0;0;0
108;gözlükçü;gözlük;2,75;8,75;FALSE;TRUE;TRUE;FALSE;FALSE;TRUE;FALSE;FALSE;0;96;3238;FALSE;FALSE;0;0;1;0;0;0;1;2;3;2;2;1;2;0;0;0
109;affediţi;cezalandýrýţý;0,166666667;7,166666667;FALSE;TRUE;TRUE;FALSE;FALSE;TRUE;FALSE;FALSE;;1;1;FALSE;FALSE;0;1;1;0;0;0;0;1;1;1;2;2;2;1;1;1
110;biliţim;sebze;0,25;0,166666667;FALSE;TRUE;FALSE;TRUE;FALSE;FALSE;FALSE;TRUE;3,7;19208;12357;FALSE;FALSE;0;0;0;0;1;0;0;4;4;4;2;0;2;0;0;0
111;iktidarcýlar;sabahlardaki;0,166666667;0,166666667;FALSE;TRUE;FALSE;TRUE;FALSE;FALSE;FALSE;TRUE;;1;2;FALSE;FALSE;0;0;0;0;1;0;0;1;1;1;1;0;1;1;2;2
112;cinayetindeki;asosyalleţtirdikleri;0,166666667;0,25;FALSE;TRUE;FALSE;TRUE;FALSE;FALSE;FALSE;TRUE;;51;0;TRUE;FALSE;0;0;0;0;1;0;0;2;0;0;0;2;2;2;2;2
113;zarar;kazanç;0,083333333;8,416666667;FALSE;TRUE;TRUE;FALSE;FALSE;TRUE;FALSE;FALSE;2,41;70292;12123;FALSE;FALSE;0;1;1;0;0;0;0;5;4;4;0;1;1;0;0;0
114;kuţ;turna;3,333333333;7,833333333;FALSE;TRUE;TRUE;FALSE;FALSE;TRUE;FALSE;FALSE;6,81;29836;551;FALSE;FALSE;0;0;1;0;0;1;0;4;3;3;0;0;0;0;0;0
115;brüt;kesintili;0,333333333;6,363636364;FALSE;TRUE;TRUE;FALSE;FALSE;TRUE;FALSE;FALSE;;7022;237;FALSE;FALSE;0;1;1;0;0;0;0;4;2;2;0;2;2;0;0;0
116;borçlanmak;faiz;1,416666667;6,416666667;FALSE;TRUE;TRUE;FALSE;FALSE;TRUE;FALSE;FALSE;;528;96787;FALSE;FALSE;0;0;1;0;0;0;0;3;5;3;1;0;1;1;0;1
117;zaman;öđle;2,833333333;7,333333333;FALSE;TRUE;TRUE;FALSE;FALSE;TRUE;FALSE;FALSE;2,19;495060;14001;FALSE;FALSE;0;0;0;0;1;1;0;5;4;4;0;0;0;0;0;0
118;mücevher;sicim;0,333333333;1;FALSE;TRUE;FALSE;TRUE;FALSE;FALSE;FALSE;TRUE;;2332;257;FALSE;FALSE;0;0;0;0;1;0;0;3;2;2;0;0;0;0;0;0
119;külot;aile;0,25;0,25;FALSE;TRUE;FALSE;TRUE;FALSE;FALSE;FALSE;TRUE;6,89;291;68301;FALSE;FALSE;0;0;0;0;1;0;0;2;5;2;0;0;0;0;0;0
120;mezarhane;mutfak;0,25;0,166666667;FALSE;TRUE;FALSE;TRUE;FALSE;FALSE;FALSE;TRUE;;1;9902;FALSE;FALSE;0;0;0;0;1;0;0;1;4;1;0;0;0;0;0;0
121;bitirdilerse;geceleyin;0,166666667;1,583333333;FALSE;TRUE;FALSE;TRUE;FALSE;FALSE;FALSE;TRUE;;5;533;FALSE;FALSE;0;0;0;0;1;0;0;1;3;1;1;2;2;0;0;0
122;yoldaţ;delikanlý;0,833333333;2,333333333;FALSE;TRUE;FALSE;TRUE;FALSE;FALSE;FALSE;TRUE;;894;5217;FALSE;FALSE;0;0;0;1;0;0;0;3;4;3;1;0;1;0;0;0
123;ýslak;serin;1,75;5;FALSE;TRUE;TRUE;FALSE;FALSE;TRUE;FALSE;FALSE;;3612;3675;FALSE;FALSE;0;0;0;1;0;0;0;4;4;4;0;0;0;0;0;0
124;barýnak;týmarhane;0,666666667;1,083333333;FALSE;TRUE;FALSE;TRUE;FALSE;FALSE;FALSE;TRUE;6,43;890;113;FALSE;FALSE;0;0;0;1;0;0;0;3;2;2;1;1;1;0;0;0
125;zarar;kadýn;0,25;0,416666667;FALSE;TRUE;FALSE;TRUE;FALSE;FALSE;FALSE;TRUE;2,41;70292;156275;FALSE;FALSE;0;0;0;0;1;0;0;5;5;5;0;0;0;0;0;0
126;atletik;avare;0,333333333;0,166666667;FALSE;TRUE;FALSE;TRUE;FALSE;FALSE;FALSE;TRUE;4,56;760;460;FALSE;FALSE;0;0;0;0;1;0;0;3;3;3;1;0;1;0;0;0
127;cansýz;yaţlýymýţçasýna;0,916666667;2;FALSE;TRUE;FALSE;TRUE;FALSE;FALSE;FALSE;TRUE;5,29;2023;0;TRUE;FALSE;0;0;0;1;0;0;0;3;0;0;1;0;1;0;0;0
128;peynir;karton;0,25;0,416666667;FALSE;TRUE;FALSE;TRUE;FALSE;FALSE;FALSE;TRUE;6,88;7434;1467;FALSE;FALSE;0;0;0;0;1;0;0;4;3;3;0;0;0;0;0;0
129;süreli;süresiz;0,083333333;8,583333333;FALSE;TRUE;TRUE;FALSE;FALSE;TRUE;FALSE;FALSE;;19345;2757;FALSE;FALSE;0;1;1;0;0;0;0;4;3;3;0;1;1;0;0;0
130;tutsak;özgür;0,083333333;8,666666667;FALSE;TRUE;TRUE;FALSE;FALSE;TRUE;FALSE;FALSE;;1783;28827;FALSE;FALSE;0;1;1;0;0;0;0;3;4;3;1;0;1;0;0;0
131;gevţek;heykel;0,166666667;0,166666667;FALSE;TRUE;FALSE;TRUE;FALSE;FALSE;FALSE;TRUE;;2089;6983;FALSE;FALSE;0;0;0;0;1;0;0;3;4;3;0;0;0;0;0;0
132;kamyon;sesteţ;0,083333333;0,083333333;FALSE;TRUE;FALSE;TRUE;FALSE;FALSE;FALSE;TRUE;6,96;8715;12;FALSE;FALSE;0;0;0;0;1;0;0;4;1;1;0;1;1;0;0;0
133;yiyecek;sos;2,666666667;7,166666667;FALSE;TRUE;TRUE;FALSE;FALSE;TRUE;FALSE;FALSE;;10836;2820;FALSE;FALSE;0;0;0;1;0;0;1;4;3;3;0;0;0;0;0;0
134;modernite;ilkellik;0,25;6;FALSE;TRUE;TRUE;FALSE;FALSE;TRUE;FALSE;FALSE;;560;167;FALSE;FALSE;0;1;1;0;0;0;0;3;2;2;0;0;0;0;0;0
135;keţiţ;kahin;3,083333333;5,25;FALSE;TRUE;TRUE;FALSE;FALSE;TRUE;FALSE;FALSE;;306;477;FALSE;FALSE;0;0;0;1;0;0;0;2;3;2;0;0;0;0;0;0
136;turna;uygulamak;0,166666667;0,083333333;FALSE;TRUE;FALSE;TRUE;FALSE;FALSE;FALSE;TRUE;;551;6566;FALSE;FALSE;0;0;0;0;1;0;0;3;4;3;0;1;1;0;0;0
137;ormanlýk;fotođraf;0,416666667;2,5;FALSE;TRUE;FALSE;TRUE;FALSE;FALSE;FALSE;TRUE;;2575;80225;FALSE;FALSE;0;0;0;1;0;0;0;3;5;3;1;0;1;0;0;0
138;sosyalleţtirdikleri;asosyalleţtirdikleri;0,083333333;8,166666667;FALSE;TRUE;TRUE;FALSE;FALSE;TRUE;FALSE;FALSE;;0;0;TRUE;TRUE;0;1;1;0;0;0;0;0;0;0;2;2;2;2;2;2
139;cinayetindeki;kemik;0,25;2,166666667;FALSE;TRUE;FALSE;TRUE;FALSE;FALSE;FALSE;TRUE;;51;9289;FALSE;FALSE;0;0;0;0;1;0;0;2;4;2;0;0;0;2;0;2
140;masum;kuţku;0,416666667;4,75;FALSE;TRUE;FALSE;TRUE;FALSE;FALSE;FALSE;TRUE;;12698;7530;FALSE;FALSE;0;0;1;0;0;0;0;4;4;4;0;0;0;0;0;0
141;delikanlý;büyücü;0,25;0,166666667;FALSE;TRUE;FALSE;TRUE;FALSE;FALSE;FALSE;TRUE;;5217;922;FALSE;FALSE;0;0;0;0;1;0;0;4;3;3;0;1;1;0;0;0
142;uzun;atletik;3,083333333;5,916666667;FALSE;TRUE;TRUE;FALSE;FALSE;TRUE;FALSE;FALSE;;230525;760;FALSE;FALSE;0;0;0;1;0;0;0;5;3;3;0;1;1;0;0;0
143;deniz;sahil;5;8,666666667;TRUE;FALSE;TRUE;FALSE;TRUE;FALSE;FALSE;FALSE;6,57;116696;9500;FALSE;FALSE;0;0;1;0;0;0;0;5;4;4;0;0;0;0;0;0
144;orman;meyve;1,416666667;6,166666667;FALSE;TRUE;TRUE;FALSE;FALSE;TRUE;FALSE;FALSE;6,57;29908;17748;FALSE;FALSE;0;0;1;0;0;0;1;4;4;4;0;0;0;0;0;0
145;hayat;nefes;3,083333333;7,583333333;FALSE;TRUE;TRUE;FALSE;FALSE;TRUE;FALSE;FALSE;3;65846;20542;FALSE;FALSE;0;0;1;0;0;0;0;5;4;4;0;0;0;0;0;0
146;mýzrap;tabure;0,25;0,5;FALSE;TRUE;FALSE;TRUE;FALSE;FALSE;FALSE;TRUE;6,15;150;136;FALSE;FALSE;0;0;0;0;1;0;0;2;2;2;0;0;0;0;0;0
147;sýcak;ýsýnmýţ;7,5;8,333333333;TRUE;FALSE;TRUE;FALSE;TRUE;FALSE;FALSE;FALSE;;561440;273;FALSE;FALSE;1;0;1;0;0;0;0;5;2;2;0;2;2;0;0;0
148;gülüţ;gülümseme;8,75;9,166666667;TRUE;FALSE;TRUE;FALSE;TRUE;FALSE;FALSE;FALSE;4,66;506;1548;FALSE;FALSE;1;0;1;0;0;0;0;3;3;3;1;2;2;0;0;0
149;muz;gemicik;0,583333333;0,666666667;FALSE;TRUE;FALSE;TRUE;FALSE;FALSE;FALSE;TRUE;6,92;2917;1;FALSE;FALSE;0;0;0;0;1;0;0;3;1;1;0;1;1;0;0;0
150;hukuk;hayat;0,416666667;2,166666667;FALSE;TRUE;FALSE;TRUE;FALSE;FALSE;FALSE;TRUE;3,79;71683;65846;FALSE;FALSE;0;0;0;1;0;0;0;5;5;5;0;0;0;0;0;0
151;evetçiler;hayýrcýlar;0;9,333333333;FALSE;TRUE;TRUE;FALSE;FALSE;TRUE;FALSE;FALSE;;50;87;FALSE;FALSE;0;1;1;0;0;0;0;2;2;2;1;1;1;1;1;1
152;kamyon;manken;0,25;0,166666667;FALSE;TRUE;FALSE;TRUE;FALSE;FALSE;FALSE;TRUE;6,96;8715;9006;FALSE;FALSE;0;0;0;0;1;0;0;4;4;4;0;0;0;0;0;0
153;terazi;adalet;2;6,833333333;FALSE;TRUE;TRUE;FALSE;FALSE;TRUE;FALSE;FALSE;6,58;2139;59379;FALSE;FALSE;0;0;1;0;0;0;0;3;5;3;0;0;0;0;0;0
154;sarsýcý;gençmiţçesine;0,166666667;0,25;FALSE;TRUE;FALSE;TRUE;FALSE;FALSE;FALSE;TRUE;2,68;1229;0;TRUE;FALSE;0;0;0;0;1;0;0;3;0;0;2;2;2;0;0;0
155;uzak;yakýn;0;9,25;FALSE;TRUE;TRUE;FALSE;FALSE;TRUE;FALSE;FALSE;2,87;57989;153814;FALSE;FALSE;0;1;1;0;0;0;0;5;5;5;0;1;1;0;0;0
156;dükkan;vitrin;2,333333333;7,545454545;FALSE;TRUE;TRUE;FALSE;FALSE;TRUE;FALSE;FALSE;;5370;1725;FALSE;FALSE;0;0;1;0;0;0;1;4;3;3;0;0;0;0;0;0
157;nefes;oksijen;3,75;8,166666667;FALSE;TRUE;TRUE;FALSE;FALSE;TRUE;FALSE;FALSE;5,68;20542;6174;FALSE;FALSE;0;0;1;0;0;0;0;4;4;4;0;0;0;0;0;0
158;enginar;boza;0,75;3,083333333;FALSE;TRUE;FALSE;TRUE;FALSE;FALSE;FALSE;TRUE;6,74;1068;392;FALSE;FALSE;0;0;0;0;1;0;0;3;3;3;0;0;0;0;0;0
159;giysi;külot;2,916666667;6,916666667;FALSE;TRUE;TRUE;FALSE;FALSE;TRUE;FALSE;FALSE;6,54;2773;291;FALSE;FALSE;0;0;0;1;0;1;0;3;2;2;1;0;1;0;0;0
160;deneyimleme;pratikleţtirsin;1,916666667;4,75;FALSE;TRUE;FALSE;TRUE;FALSE;FALSE;FALSE;TRUE;;20;0;TRUE;FALSE;0;0;1;0;0;0;0;1;0;0;2;2;2;0;1;1
161;sahil;ormanlýk;0,666666667;3,75;FALSE;TRUE;FALSE;TRUE;FALSE;FALSE;FALSE;TRUE;6,38;9500;2575;FALSE;FALSE;0;0;0;1;0;0;0;4;3;3;0;1;1;0;0;0
162;masum;öldürülüţündeki;0,25;2,916666667;FALSE;TRUE;FALSE;TRUE;FALSE;FALSE;FALSE;TRUE;;12698;2;FALSE;FALSE;0;0;1;0;0;0;0;4;1;1;0;2;2;0;2;2
163;siyah;petrol;0,75;5,833333333;FALSE;TRUE;TRUE;FALSE;FALSE;TRUE;FALSE;FALSE;;51232;91273;FALSE;FALSE;0;0;1;0;0;0;0;5;5;5;0;0;0;0;0;0
164;haţarý;enerjik;3,5;5,75;FALSE;TRUE;TRUE;FALSE;FALSE;TRUE;FALSE;FALSE;2,85;236;1699;FALSE;FALSE;0;0;0;1;0;0;0;2;3;2;0;1;1;0;0;0
165;teizm;müzik;0,25;0,25;FALSE;TRUE;FALSE;TRUE;FALSE;FALSE;FALSE;TRUE;;27;83849;FALSE;FALSE;0;0;0;0;1;0;0;1;5;1;1;0;1;0;0;0
166;para;faiz;2,166666667;6,666666667;FALSE;TRUE;TRUE;FALSE;FALSE;TRUE;FALSE;FALSE;6,41;207792;96787;FALSE;FALSE;0;0;1;0;0;0;0;5;5;5;0;0;0;0;0;0
167;normalleţiyor;sabahlardaki;0,166666667;0,166666667;FALSE;TRUE;FALSE;TRUE;FALSE;FALSE;FALSE;TRUE;;61;2;FALSE;FALSE;0;0;0;0;1;0;0;2;1;1;1;0;1;1;2;2
168;atatürkçülerden;kemalizmcilerden;9,083333333;8,916666667;TRUE;FALSE;TRUE;FALSE;TRUE;FALSE;FALSE;FALSE;;6;0;TRUE;FALSE;0;0;0;1;0;0;0;1;0;0;1;2;2;2;2;2
169;alkol;viski;4,363636364;8,833333333;FALSE;TRUE;TRUE;FALSE;FALSE;TRUE;FALSE;FALSE;;16236;1693;FALSE;FALSE;0;0;1;0;0;0;1;4;3;3;0;0;0;0;0;0
170;muhalefetçiler;iktidarcýlar;0,083333333;8,916666667;FALSE;TRUE;TRUE;FALSE;FALSE;TRUE;FALSE;FALSE;;0;1;TRUE;FALSE;0;1;0;1;0;0;0;0;1;0;1;1;1;1;1;1
171;horoz;tavuk;5,916666667;9;TRUE;FALSE;TRUE;FALSE;TRUE;FALSE;FALSE;FALSE;;1814;11603;FALSE;FALSE;0;0;1;0;0;0;0;3;4;3;0;0;0;0;0;0
172;çerçeve;fotođraf;2,916666667;8,5;FALSE;TRUE;TRUE;FALSE;FALSE;TRUE;FALSE;FALSE;6,76;17814;80225;FALSE;FALSE;0;0;1;0;0;0;1;4;5;4;0;0;0;0;0;0
173;süt;lokanta;1,083333333;3,416666667;FALSE;TRUE;FALSE;TRUE;FALSE;FALSE;FALSE;TRUE;6,79;19593;3743;FALSE;FALSE;0;0;0;0;1;0;0;4;4;4;0;0;0;0;0;0
174;tahta;tabure;1,583333333;6,583333333;FALSE;TRUE;TRUE;FALSE;FALSE;TRUE;FALSE;FALSE;6,94;6150;136;FALSE;FALSE;0;0;1;0;0;0;1;4;2;2;0;0;0;0;0;0
175;kađýt;karton;4,416666667;7,833333333;FALSE;TRUE;TRUE;FALSE;FALSE;TRUE;FALSE;FALSE;6,83;14940;1467;FALSE;FALSE;1;0;1;0;0;0;0;4;3;3;0;0;0;0;0;0
176;varlýk;para;4,666666667;7,666666667;FALSE;TRUE;TRUE;FALSE;FALSE;TRUE;FALSE;FALSE;3,78;14909;207792;FALSE;FALSE;0;0;0;1;0;0;0;4;5;4;1;0;1;0;0;0
177;ses;sesteţ;3,166666667;6,416666667;FALSE;TRUE;TRUE;FALSE;FALSE;TRUE;FALSE;FALSE;5,45;57760;12;FALSE;FALSE;0;0;0;0;1;0;0;5;1;1;0;1;1;0;0;0
178;eksik;ilaç;0,166666667;0,333333333;FALSE;TRUE;FALSE;TRUE;FALSE;FALSE;FALSE;TRUE;;29303;42220;FALSE;FALSE;0;0;0;0;1;0;0;4;5;4;1;0;1;0;0;0
179;eţya;cisim;5,166666667;7;TRUE;FALSE;TRUE;FALSE;TRUE;FALSE;FALSE;FALSE;6,56;18174;2265;FALSE;FALSE;0;0;0;1;0;1;0;4;3;3;0;0;0;0;0;0
180;haber;uzun;0,333333333;0,916666667;FALSE;TRUE;FALSE;TRUE;FALSE;FALSE;FALSE;TRUE;4,55;119460;230525;FALSE;FALSE;0;0;0;0;1;0;0;5;5;5;0;0;0;0;0;0
181;hayýrcýlar;barýţtýrýlýrken;0,166666667;1,333333333;FALSE;TRUE;FALSE;TRUE;FALSE;FALSE;FALSE;TRUE;;87;2;FALSE;FALSE;0;0;0;0;1;0;0;2;1;1;1;2;2;1;0;1
182;pamuk;giysi;1,25;7;FALSE;TRUE;TRUE;FALSE;FALSE;TRUE;FALSE;FALSE;6,77;17842;2773;FALSE;FALSE;0;0;0;1;0;0;1;4;3;3;0;1;1;0;0;0
183;hamile;cenin;2,333333333;7,916666667;FALSE;TRUE;TRUE;FALSE;FALSE;TRUE;FALSE;FALSE;;12317;1560;FALSE;FALSE;0;0;1;0;0;0;1;4;3;3;0;0;0;0;0;0
184;ispatým;almýţlardýr;0,181818182;0,25;FALSE;TRUE;FALSE;TRUE;FALSE;FALSE;FALSE;TRUE;;5;1038;FALSE;FALSE;0;0;0;0;1;0;0;1;3;1;0;0;0;1;2;2
185;süt;yođurt;3,833333333;8,5;FALSE;TRUE;TRUE;FALSE;FALSE;TRUE;FALSE;FALSE;6,79;19593;5450;FALSE;FALSE;0;0;1;0;0;0;1;4;4;4;0;0;0;0;0;0
186;cansýz;enerjik;0,083333333;7;FALSE;TRUE;TRUE;FALSE;FALSE;TRUE;FALSE;FALSE;5,29;2023;1699;FALSE;FALSE;0;1;1;0;0;0;0;3;3;3;1;1;1;0;0;0
187;sahil;kum;2,583333333;8,583333333;FALSE;TRUE;TRUE;FALSE;FALSE;TRUE;FALSE;FALSE;6,38;9500;6726;FALSE;FALSE;0;0;1;0;0;0;0;4;4;4;0;0;0;0;0;0
188;ses;mýzrap;0,833333333;5,833333333;FALSE;TRUE;TRUE;FALSE;FALSE;TRUE;FALSE;FALSE;5,45;57760;150;FALSE;FALSE;0;0;0;1;0;0;0;5;2;2;0;0;0;0;0;0
189;davadaţ;ebediyeten;0,5;1,25;FALSE;TRUE;FALSE;TRUE;FALSE;FALSE;FALSE;TRUE;;0;2;TRUE;FALSE;0;0;0;0;1;0;0;0;1;0;1;1;1;0;0;0
190;bitki;çiçek;4,416666667;7,916666667;FALSE;TRUE;TRUE;FALSE;FALSE;TRUE;FALSE;FALSE;6,6;11980;33522;FALSE;FALSE;0;0;0;1;0;1;0;4;5;4;0;0;0;0;0;0
191;seyahat;sefer;5,583333333;8,166666667;TRUE;FALSE;TRUE;FALSE;TRUE;FALSE;FALSE;FALSE;;15936;24702;FALSE;FALSE;0;0;1;0;0;0;0;4;4;4;0;0;0;0;0;0
192;yardým;aile;0,583333333;4,25;FALSE;TRUE;FALSE;TRUE;FALSE;FALSE;FALSE;TRUE;2,92;100548;68301;FALSE;FALSE;0;0;0;1;0;0;0;5;5;5;0;0;0;0;0;0
193;petrol;yakýt;5,25;9;TRUE;FALSE;TRUE;FALSE;TRUE;FALSE;FALSE;FALSE;6,56;91273;12371;FALSE;FALSE;0;0;1;0;0;0;1;5;4;4;0;1;1;0;0;0
194;ţair;modernite;0,583333333;2,083333333;FALSE;TRUE;FALSE;TRUE;FALSE;FALSE;FALSE;TRUE;5,59;17028;560;FALSE;FALSE;0;0;0;0;1;0;0;4;3;3;0;0;0;0;0;0
195;gevţek;sýký;0;9,166666667;FALSE;TRUE;TRUE;FALSE;FALSE;TRUE;FALSE;FALSE;;2089;29614;FALSE;FALSE;0;1;1;0;0;0;0;3;4;3;0;1;1;0;0;0
196;cihaz;lamba;2;6,083333333;FALSE;TRUE;TRUE;FALSE;FALSE;TRUE;FALSE;FALSE;6,43;9397;1579;FALSE;FALSE;0;0;0;1;0;1;0;4;3;3;0;0;0;0;0;0
197;din;devlet;0,5;6,166666667;FALSE;TRUE;TRUE;FALSE;FALSE;TRUE;FALSE;FALSE;2,22;51607;336669;FALSE;FALSE;0;0;1;0;0;0;0;5;5;5;0;0;0;0;0;0
198;saldýrmaktaydýlar;suskunluđuna;0,166666667;1,75;FALSE;TRUE;FALSE;TRUE;FALSE;FALSE;FALSE;TRUE;;0;103;TRUE;FALSE;0;0;0;0;1;0;0;0;2;0;1;2;2;2;2;2
199;nezle;yorgunluk;1,416666667;5,583333333;FALSE;TRUE;TRUE;FALSE;FALSE;TRUE;FALSE;FALSE;5,2;1168;4796;FALSE;FALSE;0;0;0;1;0;0;0;3;4;3;0;2;2;0;0;0
200;cevher;fotođraf;0,25;0,166666667;FALSE;TRUE;FALSE;TRUE;FALSE;FALSE;FALSE;TRUE;;1957;80225;FALSE;FALSE;0;0;0;0;1;0;0;3;5;3;0;0;0;0;0;0
201;uzak;karýnca;0,166666667;0,166666667;FALSE;TRUE;FALSE;TRUE;FALSE;FALSE;FALSE;TRUE;2,87;57989;2158;FALSE;FALSE;0;0;0;0;1;0;0;5;3;3;0;0;0;0;0;0
202;üţengeç;ebleh;0,583333333;2,25;FALSE;TRUE;FALSE;TRUE;FALSE;FALSE;FALSE;TRUE;3,06;47;61;FALSE;FALSE;0;0;0;0;1;0;0;2;2;2;1;0;1;0;0;0
203;yedigen;biçimlendirilmiţlerdir;0,333333333;1;FALSE;TRUE;FALSE;TRUE;FALSE;FALSE;FALSE;TRUE;;0;1;TRUE;FALSE;0;0;1;0;0;0;0;0;1;0;1;2;2;0;2;2
204;bilimci;karýţýk;0,166666667;1,083333333;FALSE;TRUE;FALSE;TRUE;FALSE;FALSE;FALSE;TRUE;5,46;1213;12017;FALSE;FALSE;0;0;0;0;1;0;0;3;4;3;2;2;2;0;0;0
205;medya;sevgili;0,25;1,25;FALSE;TRUE;FALSE;TRUE;FALSE;FALSE;FALSE;TRUE;4,68;43326;37193;FALSE;FALSE;0;0;0;0;1;0;0;5;5;5;0;1;1;0;0;0
206;biçimlendirilmiţlerdir;iyiliyorsun;0,583333333;0,75;FALSE;TRUE;FALSE;TRUE;FALSE;FALSE;FALSE;TRUE;;1;0;TRUE;FALSE;0;0;0;0;1;0;0;1;0;0;2;1;2;2;2;2
207;kýrmýzý;okul;0,166666667;0,083333333;FALSE;TRUE;FALSE;TRUE;FALSE;FALSE;FALSE;TRUE;;56298;55774;FALSE;FALSE;0;0;0;0;1;0;0;5;5;5;0;0;0;0;0;0
208;gülümseme;somurtma;0;8,916666667;FALSE;TRUE;TRUE;FALSE;FALSE;TRUE;FALSE;FALSE;;1548;7;FALSE;FALSE;0;1;1;0;0;0;0;3;1;1;2;1;2;0;0;0
209;okul;kitaplýklar;1,333333333;7,5;FALSE;TRUE;TRUE;FALSE;FALSE;TRUE;FALSE;FALSE;6,6;55774;84;FALSE;FALSE;0;0;0;1;0;0;1;5;2;2;0;1;1;0;1;1
210;atatürkçülerden;palto;0,25;1,083333333;FALSE;TRUE;FALSE;TRUE;FALSE;FALSE;FALSE;TRUE;;6;855;FALSE;FALSE;0;0;0;0;1;0;0;1;3;1;1;0;1;2;0;2
211;kadeh;býçak;1,75;4,666666667;FALSE;TRUE;FALSE;TRUE;FALSE;FALSE;FALSE;TRUE;6,75;2684;8509;FALSE;FALSE;0;0;0;1;0;0;0;3;4;3;0;0;0;0;0;0
212;özgür;haber;0,833333333;6;FALSE;TRUE;TRUE;FALSE;FALSE;TRUE;FALSE;FALSE;;28827;119460;FALSE;FALSE;0;0;0;1;0;0;0;4;5;4;0;0;0;0;0;0
213;palto;kapüţon;2,666666667;7,5;FALSE;TRUE;TRUE;FALSE;FALSE;TRUE;FALSE;FALSE;6,77;855;5;FALSE;FALSE;0;0;1;0;0;0;1;3;1;1;0;0;0;0;0;0
214;ibadet;namaz;4,25;8,333333333;FALSE;TRUE;TRUE;FALSE;FALSE;TRUE;FALSE;FALSE;2,67;5116;6615;FALSE;FALSE;0;0;1;0;0;1;0;4;4;4;0;0;0;0;0;0
215;soyut;somut;0;9,25;FALSE;TRUE;TRUE;FALSE;FALSE;TRUE;FALSE;FALSE;;4801;23545;FALSE;FALSE;0;1;1;0;0;0;0;4;4;4;0;0;0;0;0;0
216;süresiz;ebediyeten;7,416666667;9,166666667;TRUE;FALSE;TRUE;FALSE;TRUE;FALSE;FALSE;FALSE;2,15;2757;2;FALSE;FALSE;1;0;1;0;0;0;0;3;1;1;1;1;1;0;0;0
217;taţýt;kamyon;4,083333333;8,416666667;FALSE;TRUE;TRUE;FALSE;FALSE;TRUE;FALSE;FALSE;6,63;10701;8715;FALSE;FALSE;0;0;0;1;0;1;0;4;4;4;1;0;1;0;0;0
218;tren;yakýt;1,333333333;7,416666667;FALSE;TRUE;TRUE;FALSE;FALSE;TRUE;FALSE;FALSE;6,9;14751;12371;FALSE;FALSE;0;0;1;0;0;0;0;4;4;4;0;1;1;0;0;0
219;yoldaţ;keţiţ;1,166666667;3,75;FALSE;TRUE;FALSE;TRUE;FALSE;FALSE;FALSE;TRUE;;894;306;FALSE;FALSE;0;0;0;1;0;0;0;3;2;2;1;0;1;0;0;0
220;horoz;sefer;0,25;0,166666667;FALSE;TRUE;FALSE;TRUE;FALSE;FALSE;FALSE;TRUE;;1814;24702;FALSE;FALSE;0;0;0;0;1;0;0;3;4;3;0;0;0;0;0;0
221;tabure;çerçeve;0,583333333;0,75;FALSE;TRUE;FALSE;TRUE;FALSE;FALSE;FALSE;TRUE;6,7;136;17814;FALSE;FALSE;0;0;0;1;0;0;0;2;4;2;0;0;0;0;0;0
222;kordon;gülümseme;0,166666667;0,083333333;FALSE;TRUE;FALSE;TRUE;FALSE;FALSE;FALSE;TRUE;;1701;1548;FALSE;FALSE;0;0;0;0;1;0;0;3;3;3;0;2;2;0;0;0
223;zeki;akýllý;6;8,666666667;TRUE;FALSE;TRUE;FALSE;TRUE;FALSE;FALSE;FALSE;2,29;25139;16388;FALSE;FALSE;1;0;1;0;0;0;0;4;4;4;0;1;1;0;0;0
224;gençmiţçesine;yaţlýymýţçasýna;0,083333333;8,083333333;FALSE;TRUE;TRUE;FALSE;FALSE;TRUE;FALSE;FALSE;;0;0;TRUE;TRUE;0;1;1;0;0;0;0;0;0;0;2;0;2;0;0;0
225;nezle;ilaç;1,416666667;7,5;FALSE;TRUE;TRUE;FALSE;FALSE;TRUE;FALSE;FALSE;5,2;1168;42220;FALSE;FALSE;0;0;1;0;0;0;0;3;5;3;0;0;0;0;0;0
226;ilaç;çare;4,333333333;8,25;FALSE;TRUE;TRUE;FALSE;FALSE;TRUE;FALSE;FALSE;6,56;42220;12319;FALSE;FALSE;1;0;1;0;0;0;0;5;4;4;0;0;0;0;0;0
227;devlet;para;0,75;6,416666667;FALSE;TRUE;TRUE;FALSE;FALSE;TRUE;FALSE;FALSE;3,73;336669;207792;FALSE;FALSE;0;0;0;1;0;0;0;5;5;5;0;0;0;0;0;0
228;kavramsallaţtýrsýn;çocuk;0,333333333;0,333333333;FALSE;TRUE;FALSE;TRUE;FALSE;FALSE;FALSE;TRUE;;0;137866;TRUE;FALSE;0;0;0;0;1;0;0;0;5;0;2;0;2;1;0;1
229;somurtma;kađýt;0,166666667;0,083333333;FALSE;TRUE;FALSE;TRUE;FALSE;FALSE;FALSE;TRUE;;7;14940;FALSE;FALSE;0;0;0;0;1;0;0;1;4;1;1;0;1;0;0;0
230;evrensel;bilimci;0,25;3,083333333;FALSE;TRUE;FALSE;TRUE;FALSE;FALSE;FALSE;TRUE;2,2;15287;1213;FALSE;FALSE;0;0;0;0;1;0;0;4;3;3;1;2;2;0;0;0
231;barýnak;sođuk;0,416666667;3,666666667;FALSE;TRUE;FALSE;TRUE;FALSE;FALSE;FALSE;TRUE;6,43;890;37223;FALSE;FALSE;0;0;0;1;0;0;0;3;5;3;1;0;1;0;0;0
232;ilaç;yakýt;0,583333333;1,5;FALSE;TRUE;FALSE;TRUE;FALSE;FALSE;FALSE;TRUE;6,56;42220;12371;FALSE;FALSE;0;0;0;0;1;0;0;5;4;4;0;1;1;0;0;0
233;evetçiler;yađmur;0,166666667;0,166666667;FALSE;TRUE;FALSE;TRUE;FALSE;FALSE;FALSE;TRUE;;50;22203;FALSE;FALSE;0;0;0;0;1;0;0;2;4;2;1;0;1;1;0;1
234;baţlamadýlarsa;düzenci;0,166666667;0,166666667;FALSE;TRUE;FALSE;TRUE;FALSE;FALSE;FALSE;TRUE;;1;19;FALSE;FALSE;0;0;0;0;1;0;0;1;1;1;1;2;2;2;0;2
235;devlet;memur;1,25;7;FALSE;TRUE;TRUE;FALSE;FALSE;TRUE;FALSE;FALSE;3,73;336669;26940;FALSE;FALSE;0;0;1;0;0;0;1;5;4;4;0;0;0;0;0;0
236;alkol;sofra;1,166666667;5,5;FALSE;TRUE;TRUE;FALSE;FALSE;TRUE;FALSE;FALSE;;16236;2120;FALSE;FALSE;0;0;0;1;0;0;0;4;3;3;0;0;0;0;0;0
237;boza;manken;0,25;0,166666667;FALSE;TRUE;FALSE;TRUE;FALSE;FALSE;FALSE;TRUE;;392;9006;FALSE;FALSE;0;0;0;0;1;0;0;3;4;3;0;0;0;0;0;0
238;cevher;gözlükçü;0,416666667;0,25;FALSE;TRUE;FALSE;TRUE;FALSE;FALSE;FALSE;TRUE;;1957;96;FALSE;FALSE;0;0;0;0;1;0;0;3;2;2;0;2;2;0;0;0
239;anne;memur;0,25;0,666666667;FALSE;TRUE;FALSE;TRUE;FALSE;FALSE;FALSE;TRUE;5,84;62683;26940;FALSE;FALSE;0;0;0;0;1;0;0;5;4;4;0;0;0;0;0;0
240;ođlan;ilkellik;0,25;0,416666667;FALSE;TRUE;FALSE;TRUE;FALSE;FALSE;FALSE;TRUE;;2929;167;FALSE;FALSE;0;0;0;0;1;0;0;3;2;2;0;0;0;0;0;0
241;dostçasýna;arkadaţýmsý;5,833333333;7,916666667;TRUE;FALSE;TRUE;FALSE;TRUE;FALSE;FALSE;FALSE;;0;0;TRUE;TRUE;1;0;1;0;0;0;0;0;0;0;0;1;1;0;1;1
242;dua;yüzük;0,25;0,583333333;FALSE;TRUE;FALSE;TRUE;FALSE;FALSE;FALSE;TRUE;2,84;11268;3197;FALSE;FALSE;0;0;0;0;1;0;0;4;3;3;0;0;0;0;0;0
243;opak;geçirgen;2,5;6,916666667;FALSE;TRUE;TRUE;FALSE;FALSE;TRUE;FALSE;FALSE;;273;267;FALSE;FALSE;0;1;1;0;0;0;0;2;2;2;0;0;0;0;0;0
244;akýllý;deli;0,083333333;9,166666667;FALSE;TRUE;TRUE;FALSE;FALSE;TRUE;FALSE;FALSE;2,41;16388;15669;FALSE;FALSE;0;1;1;0;0;0;0;4;4;4;1;0;1;0;0;0
245;din;dua;2,916666667;8,583333333;FALSE;TRUE;TRUE;FALSE;FALSE;TRUE;FALSE;FALSE;2,22;51607;11268;FALSE;FALSE;0;0;0;1;0;0;0;5;4;4;0;0;0;0;0;0
246;saydam;süreli;0,25;0,75;FALSE;TRUE;FALSE;TRUE;FALSE;FALSE;FALSE;TRUE;;3791;19345;FALSE;FALSE;0;0;0;0;1;0;0;4;4;4;0;0;0;0;0;0
247;yađcýlýk;heykel;0,25;0,166666667;FALSE;TRUE;FALSE;TRUE;FALSE;FALSE;FALSE;TRUE;2,39;163;6983;FALSE;FALSE;0;0;0;0;1;0;0;2;4;2;2;0;2;0;0;0
248;maymungilleri;muz;1,666666667;6,083333333;FALSE;TRUE;TRUE;FALSE;FALSE;TRUE;FALSE;FALSE;;0;2917;TRUE;FALSE;0;0;1;0;0;0;0;0;3;0;1;0;1;2;0;2
249;oksijen;hayat;2,25;8;FALSE;TRUE;TRUE;FALSE;FALSE;TRUE;FALSE;FALSE;5,69;6174;65846;FALSE;FALSE;0;0;0;1;0;0;0;4;5;4;0;0;0;0;0;0
250;hastane;çare;2,5;7,583333333;FALSE;TRUE;TRUE;FALSE;FALSE;TRUE;FALSE;FALSE;6,68;18148;12319;FALSE;FALSE;0;0;0;1;0;0;0;4;4;4;1;0;1;0;0;0
251;içki;boza;1,363636364;3,583333333;FALSE;TRUE;FALSE;TRUE;FALSE;FALSE;FALSE;TRUE;6,44;16126;392;FALSE;FALSE;0;0;1;0;0;1;0;4;3;3;1;0;1;0;0;0
252;tahta;ahţap;6,5;8,25;TRUE;FALSE;TRUE;FALSE;TRUE;FALSE;FALSE;FALSE;6,94;6150;7967;FALSE;FALSE;1;0;1;0;0;0;1;4;4;4;0;0;0;0;0;0
253;kral;yađcýlýk;0,833333333;4,5;FALSE;TRUE;FALSE;TRUE;FALSE;FALSE;FALSE;TRUE;5,33;13511;163;FALSE;FALSE;0;0;0;1;0;0;0;4;2;2;0;2;2;0;0;0
254;teizm;inançlýlýk;5,25;8,416666667;TRUE;FALSE;TRUE;FALSE;TRUE;FALSE;FALSE;FALSE;;27;6;FALSE;FALSE;1;0;1;0;0;0;0;1;1;1;1;2;2;0;0;0
255;kordon;sicim;3,5;3,916666667;FALSE;TRUE;FALSE;TRUE;FALSE;FALSE;FALSE;TRUE;;1701;257;FALSE;FALSE;1;0;0;1;0;0;0;3;2;2;0;0;0;0;0;0
256;fani;adalet;0,25;0,833333333;FALSE;TRUE;FALSE;TRUE;FALSE;FALSE;FALSE;TRUE;2,45;1028;59379;FALSE;FALSE;0;0;0;0;1;0;0;3;5;3;0;0;0;0;0;0
257;ikindi;ođlan;0,166666667;0,083333333;FALSE;TRUE;FALSE;TRUE;FALSE;FALSE;FALSE;TRUE;;990;2929;FALSE;FALSE;0;0;0;0;1;0;0;3;3;3;0;0;0;0;0;0
258;deneyimleme;tecrübelenme;8,416666667;8,666666667;TRUE;FALSE;TRUE;FALSE;TRUE;FALSE;FALSE;FALSE;;20;0;TRUE;FALSE;0;0;0;1;0;0;0;1;0;0;2;2;2;0;0;0
259;satmýţlardýr;lokanta;0,166666667;0,833333333;FALSE;TRUE;FALSE;TRUE;FALSE;FALSE;FALSE;TRUE;;21;3743;FALSE;FALSE;0;0;0;1;0;0;0;1;4;1;0;0;0;2;0;2
260;kýrmýzý;namaz;0,166666667;0,083333333;FALSE;TRUE;FALSE;TRUE;FALSE;FALSE;FALSE;TRUE;;56298;6615;FALSE;FALSE;0;0;0;0;1;0;0;5;4;4;0;0;0;0;0;0
261;mezarhane;kabristan;8,5;8,833333333;TRUE;FALSE;TRUE;FALSE;TRUE;FALSE;FALSE;FALSE;;1;55;FALSE;FALSE;1;0;1;0;0;0;0;1;2;1;0;0;0;0;0;0
262;ekonomi;para;3,5;8,583333333;FALSE;TRUE;TRUE;FALSE;FALSE;TRUE;FALSE;FALSE;3,47;72584;207792;FALSE;FALSE;0;0;1;0;0;0;1;5;5;5;0;0;0;0;0;0
263;dua;namaz;4,166666667;8,583333333;FALSE;TRUE;TRUE;FALSE;FALSE;TRUE;FALSE;FALSE;2,84;11268;6615;FALSE;FALSE;0;0;1;0;0;0;1;4;4;4;0;0;0;0;0;0
264;arkadaţýmsý;kitaphane;0,333333333;0,666666667;FALSE;TRUE;FALSE;TRUE;FALSE;FALSE;FALSE;TRUE;;0;1;TRUE;FALSE;0;0;0;0;1;0;0;0;1;0;1;1;1;1;0;1
265;enerjik;yorgun;0,083333333;8,666666667;FALSE;TRUE;TRUE;FALSE;FALSE;TRUE;FALSE;FALSE;2,69;1699;7932;FALSE;FALSE;0;1;1;0;0;0;0;3;4;3;1;1;1;0;0;0
266;kađýt;gazete;2;7,583333333;FALSE;TRUE;TRUE;FALSE;FALSE;TRUE;FALSE;FALSE;6,83;14940;49607;FALSE;FALSE;0;0;1;0;0;0;1;4;5;4;0;0;0;0;0;0
267;cihaz;radyo;2,5;7;FALSE;TRUE;TRUE;FALSE;FALSE;TRUE;FALSE;FALSE;6,43;9397;31478;FALSE;FALSE;0;0;0;1;0;1;0;4;4;4;0;0;0;0;0;0
268;kral;affediţi;0,166666667;2,833333333;FALSE;TRUE;FALSE;TRUE;FALSE;FALSE;FALSE;TRUE;5,33;13511;1;FALSE;FALSE;0;0;0;1;0;0;0;4;1;1;0;2;2;0;1;1
269;yeni;gençmiţçesine;1,25;3,5;FALSE;TRUE;FALSE;TRUE;FALSE;FALSE;FALSE;TRUE;2,62;770145;0;TRUE;FALSE;0;0;0;1;0;0;0;5;0;0;0;2;2;0;0;0
270;öđrenci;hayta;0,833333333;4,916666667;FALSE;TRUE;FALSE;TRUE;FALSE;FALSE;FALSE;TRUE;6,18;67682;201;FALSE;FALSE;0;0;0;1;0;0;0;5;2;2;1;0;1;0;0;0
271;araba;petrol;1,416666667;7,916666667;FALSE;TRUE;TRUE;FALSE;FALSE;TRUE;FALSE;FALSE;6,87;20283;91273;FALSE;FALSE;0;0;1;0;0;0;0;4;5;4;0;0;0;0;0;0
272;ţiddetli;sarsýcý;6,25;8;TRUE;FALSE;TRUE;FALSE;TRUE;FALSE;FALSE;FALSE;;14198;1229;FALSE;FALSE;1;0;0;1;0;0;0;4;3;3;1;2;2;0;0;0
273;su;deniz;3,666666667;8,25;FALSE;TRUE;TRUE;FALSE;FALSE;TRUE;FALSE;FALSE;6,8;129707;116696;FALSE;FALSE;0;0;1;0;0;0;1;5;5;5;0;0;0;0;0;0
274;baţlamadýlarsa;baţladýlarsa;0;8,666666667;FALSE;TRUE;TRUE;FALSE;FALSE;TRUE;FALSE;FALSE;;1;19;FALSE;FALSE;0;1;1;0;0;0;0;1;1;1;1;0;1;2;2;2
275;normalleţiyor;anormalleţiyor;0;9;FALSE;TRUE;TRUE;FALSE;FALSE;TRUE;FALSE;FALSE;;61;0;TRUE;FALSE;0;1;1;0;0;0;0;2;0;0;1;1;1;1;1;1
276;kan;kýrmýzý;1,833333333;8,333333333;FALSE;TRUE;TRUE;FALSE;FALSE;TRUE;FALSE;FALSE;6,7;54264;56298;FALSE;FALSE;0;0;1;0;0;0;0;5;5;5;0;0;0;0;0;0
277;beyaz;papatya;1,333333333;6,666666667;FALSE;TRUE;TRUE;FALSE;FALSE;TRUE;FALSE;FALSE;;78763;1605;FALSE;FALSE;0;0;1;0;0;0;0;5;3;3;0;0;0;0;0;0
278;kýyý;ormanlýk;0,5;4;FALSE;TRUE;FALSE;TRUE;FALSE;FALSE;FALSE;TRUE;;5868;2575;FALSE;FALSE;0;0;0;1;0;0;0;4;3;3;0;1;1;0;0;0
279;orman;kabristan;0,666666667;3,166666667;FALSE;TRUE;FALSE;TRUE;FALSE;FALSE;FALSE;TRUE;6,57;29908;55;FALSE;FALSE;0;0;0;1;0;0;0;4;2;2;0;0;0;0;0;0
280;üţengen;harika;0,25;0,333333333;FALSE;TRUE;FALSE;TRUE;FALSE;FALSE;FALSE;TRUE;0;0;31671;TRUE;FALSE;0;0;0;0;1;0;0;0;4;0;1;0;1;0;0;0
281;normalleţiyor;ýsýnmýţ;0,166666667;0,416666667;FALSE;TRUE;FALSE;TRUE;FALSE;FALSE;FALSE;TRUE;;61;273;FALSE;FALSE;0;0;0;1;0;0;0;2;2;2;1;2;2;1;0;1
282;radyo;müzik;3,583333333;7,583333333;FALSE;TRUE;TRUE;FALSE;FALSE;TRUE;FALSE;FALSE;6,75;31478;83849;FALSE;FALSE;0;0;1;0;0;0;0;4;5;4;0;0;0;0;0;0
283;suçlu;masum;0;8,583333333;FALSE;TRUE;TRUE;FALSE;FALSE;TRUE;FALSE;FALSE;4,69;13535;12698;FALSE;FALSE;0;1;1;0;0;0;0;4;4;4;1;0;1;0;0;0
284;erkekçene;yüreklicesine;3,583333333;7;FALSE;TRUE;TRUE;FALSE;FALSE;TRUE;FALSE;FALSE;;1;0;TRUE;FALSE;1;0;1;0;0;0;0;1;0;0;2;0;2;0;0;0
285;ýsýnmýţ;barýţtýrýlýrken;0,666666667;0,333333333;FALSE;TRUE;FALSE;TRUE;FALSE;FALSE;FALSE;TRUE;;273;2;FALSE;FALSE;0;0;0;0;1;0;0;2;1;1;2;2;2;0;0;0
286;pratikleţtirsin;kavramsallaţtýrsýn;0,166666667;3,25;FALSE;TRUE;FALSE;TRUE;FALSE;FALSE;FALSE;TRUE;;0;0;TRUE;TRUE;0;1;1;0;0;0;0;0;0;0;2;2;2;1;1;1
287;televizyon;cenin;0,25;0,166666667;FALSE;TRUE;FALSE;TRUE;FALSE;FALSE;FALSE;TRUE;6,89;55956;1560;FALSE;FALSE;0;0;0;0;1;0;0;5;3;3;0;0;0;0;0;0
288;pimpirikli;býçak;0,166666667;0,5;FALSE;TRUE;FALSE;TRUE;FALSE;FALSE;FALSE;TRUE;0;25;8509;FALSE;FALSE;0;0;0;1;0;0;0;1;4;1;1;0;1;0;0;0
289;mezarlýk;ormanlýk;1,083333333;3,25;FALSE;TRUE;FALSE;TRUE;FALSE;FALSE;FALSE;TRUE;;1440;2575;FALSE;FALSE;0;0;0;1;0;0;0;3;3;3;1;1;1;0;0;0
290;mutluluk;harika;2;5,416666667;FALSE;TRUE;TRUE;FALSE;FALSE;TRUE;FALSE;FALSE;1,85;17475;31671;FALSE;FALSE;0;0;0;1;0;0;0;4;4;4;1;0;1;0;0;0
291;hastane;rahatsýz;2,166666667;6,5;FALSE;TRUE;TRUE;FALSE;FALSE;TRUE;FALSE;FALSE;6,68;18148;35800;FALSE;FALSE;0;0;0;1;0;0;1;4;5;4;1;1;1;0;0;0
292;özgür;yardým;0,166666667;1,583333333;FALSE;TRUE;FALSE;TRUE;FALSE;FALSE;FALSE;TRUE;;28827;100548;FALSE;FALSE;0;0;0;0;1;0;0;4;5;4;0;0;0;0;0;0
293;horultu;saray;0,25;0,25;FALSE;TRUE;FALSE;TRUE;FALSE;FALSE;FALSE;TRUE;5,36;21;21135;FALSE;FALSE;0;0;0;0;1;0;0;1;4;1;2;0;2;0;0;0
294;üretim;sanatçý;1,166666667;5,083333333;FALSE;TRUE;TRUE;FALSE;FALSE;TRUE;FALSE;FALSE;;70594;29783;FALSE;FALSE;0;0;1;0;0;0;0;5;4;4;1;1;1;0;0;0
295;peţinatsýz;ekonomi;0,666666667;4,833333333;FALSE;TRUE;FALSE;TRUE;FALSE;FALSE;FALSE;TRUE;3,83;127;72584;FALSE;FALSE;0;0;0;1;0;0;0;2;5;2;2;0;2;0;0;0
296;mutfak;ocak;1,666666667;7,5;FALSE;TRUE;TRUE;FALSE;FALSE;TRUE;FALSE;FALSE;6,75;9902;132312;FALSE;FALSE;0;0;1;0;0;0;1;4;5;4;0;0;0;0;0;0
297;böcek;kelebek;2,5;7;FALSE;TRUE;TRUE;FALSE;FALSE;TRUE;FALSE;FALSE;;2994;3657;FALSE;FALSE;0;0;0;1;0;1;0;3;4;3;0;0;0;0;0;0
298;çenebazlýđýna;geçirgen;0,166666667;0,083333333;FALSE;TRUE;FALSE;TRUE;FALSE;FALSE;FALSE;TRUE;;0;267;TRUE;FALSE;0;0;0;0;1;0;0;0;2;0;2;0;2;2;0;2
299;geçirgen;cam;1,166666667;5,416666667;FALSE;TRUE;TRUE;FALSE;FALSE;TRUE;FALSE;FALSE;;267;18230;FALSE;FALSE;0;0;1;0;0;0;1;2;4;2;0;0;0;0;0;0
300;beyaz;külot;1,416666667;6,833333333;FALSE;TRUE;TRUE;FALSE;FALSE;TRUE;FALSE;FALSE;;78763;291;FALSE;FALSE;0;0;1;0;0;0;0;5;2;2;0;0;0;0;0;0
301;týmarhane;deli;2,333333333;8,75;FALSE;TRUE;TRUE;FALSE;FALSE;TRUE;FALSE;FALSE;;113;15669;FALSE;FALSE;0;0;1;0;0;0;1;2;4;2;1;0;1;0;0;0
302;muhalefetçiler;kemalci;2,090909091;5,25;FALSE;TRUE;TRUE;FALSE;FALSE;TRUE;FALSE;FALSE;;0;59;TRUE;FALSE;1;0;1;0;0;0;0;0;2;0;1;1;1;1;0;1
303;savaţtýrýlýrken;cezalandýrýţý;0,666666667;2,833333333;FALSE;TRUE;FALSE;TRUE;FALSE;FALSE;FALSE;TRUE;;0;1;TRUE;FALSE;0;0;0;1;0;0;0;0;1;0;2;2;2;0;1;1
304;zaman;ikindi;1,833333333;7,083333333;FALSE;TRUE;TRUE;FALSE;FALSE;TRUE;FALSE;FALSE;2,19;495060;990;FALSE;FALSE;0;0;0;1;0;1;0;5;3;3;0;0;0;0;0;0
305;atatürkist;tecrübelenme;0,25;0,583333333;FALSE;TRUE;FALSE;TRUE;FALSE;FALSE;FALSE;TRUE;;0;0;TRUE;TRUE;0;0;0;0;1;0;0;0;0;0;1;2;2;0;0;0
306;lamba;geceleyin;1,333333333;6,916666667;FALSE;TRUE;TRUE;FALSE;FALSE;TRUE;FALSE;FALSE;6,84;1579;533;FALSE;FALSE;0;0;0;1;0;0;0;3;3;3;0;2;2;0;0;0
307;sabýr;sabýrsýzlýk;0,166666667;8,666666667;FALSE;TRUE;TRUE;FALSE;FALSE;TRUE;FALSE;FALSE;1,5;5937;300;FALSE;FALSE;0;1;1;0;0;0;0;4;2;2;1;2;2;0;0;0
308;transparan;deneyimleme;0,166666667;0,083333333;FALSE;TRUE;FALSE;TRUE;FALSE;FALSE;FALSE;TRUE;;597;20;FALSE;FALSE;0;0;0;0;1;0;0;3;1;1;0;2;2;0;0;0
309;haţarý;hayta;7,5;7,75;TRUE;FALSE;TRUE;FALSE;TRUE;FALSE;FALSE;FALSE;2,85;236;201;FALSE;FALSE;1;0;1;0;0;0;0;2;2;2;0;0;0;0;0;0
310;yiyecek;horoz;0,833333333;3,166666667;FALSE;TRUE;FALSE;TRUE;FALSE;FALSE;FALSE;TRUE;;10836;1814;FALSE;FALSE;0;0;0;1;0;1;0;4;3;3;0;0;0;0;0;0
311;yođurt;inançlýlýk;0,25;0,166666667;FALSE;TRUE;FALSE;TRUE;FALSE;FALSE;FALSE;TRUE;6,79;5450;6;FALSE;FALSE;0;0;0;0;1;0;0;4;1;1;0;2;2;0;0;0
312;kýtlýklarda;bolluklarda;0;9;FALSE;TRUE;TRUE;FALSE;FALSE;TRUE;FALSE;FALSE;;3;0;TRUE;FALSE;0;1;1;0;0;0;0;1;0;0;1;1;1;2;2;2
313;siyah;beyaz;0;9,5;FALSE;TRUE;TRUE;FALSE;FALSE;TRUE;FALSE;FALSE;;51232;78763;FALSE;FALSE;0;1;1;0;0;0;0;5;5;5;0;0;0;0;0;0
314;otomobil;tren;4;7,75;FALSE;TRUE;TRUE;FALSE;FALSE;TRUE;FALSE;FALSE;;46731;14751;FALSE;FALSE;0;0;0;1;0;0;0;5;4;4;0;0;0;0;0;0
315;mutluluk;sicim;0,25;0,083333333;FALSE;TRUE;FALSE;TRUE;FALSE;FALSE;FALSE;TRUE;1,85;17475;257;FALSE;FALSE;0;0;0;0;1;0;0;4;2;2;1;0;1;0;0;0
316;fýrýn;ocak;6,666666667;8,333333333;TRUE;FALSE;TRUE;FALSE;TRUE;FALSE;FALSE;FALSE;;3993;132312;FALSE;FALSE;1;0;1;0;0;0;0;4;5;4;0;0;0;0;0;0
317;ipek;kapüţon;0,833333333;2,583333333;FALSE;TRUE;FALSE;TRUE;FALSE;FALSE;FALSE;TRUE;;10942;5;FALSE;FALSE;0;0;0;1;0;0;0;4;1;1;0;0;0;0;0;0
318;savunmaktaydýlar;saldýrmaktaydýlar;1;8,916666667;FALSE;TRUE;TRUE;FALSE;FALSE;TRUE;FALSE;FALSE;;5;0;TRUE;FALSE;0;1;1;0;0;0;0;1;0;0;1;1;1;2;2;2
319;bitki;enginar;2,916666667;7,166666667;FALSE;TRUE;TRUE;FALSE;FALSE;TRUE;FALSE;FALSE;6,6;11980;1068;FALSE;FALSE;0;0;0;1;0;1;0;4;3;3;0;0;0;0;0;0
320;hukuk;nezle;0,25;0,166666667;FALSE;TRUE;FALSE;TRUE;FALSE;FALSE;FALSE;TRUE;3,79;71683;1168;FALSE;FALSE;0;0;0;0;1;0;0;5;3;3;0;0;0;0;0;0
321;horultu;gürültü;5,166666667;7,083333333;TRUE;FALSE;TRUE;FALSE;TRUE;FALSE;FALSE;FALSE;5,36;21;6332;FALSE;FALSE;0;0;0;1;0;0;0;1;4;1;2;2;2;0;0;0
322;süt;peynir;3,25;8,166666667;FALSE;TRUE;TRUE;FALSE;FALSE;TRUE;FALSE;FALSE;6,79;19593;7434;FALSE;FALSE;0;0;1;0;0;0;1;4;4;4;0;0;0;0;0;0
323;bađýţlayýţý;cezalandýrýţý;0,083333333;8,416666667;FALSE;TRUE;TRUE;FALSE;FALSE;TRUE;FALSE;FALSE;;0;1;TRUE;FALSE;0;1;1;0;0;0;0;0;1;0;2;2;2;1;1;1
324;su;çiçek;0,916666667;6,25;FALSE;TRUE;TRUE;FALSE;FALSE;TRUE;FALSE;FALSE;6,8;129707;33522;FALSE;FALSE;0;0;0;1;0;0;0;5;5;5;0;0;0;0;0;0
325;taţýt;gemicik;2,666666667;6,833333333;FALSE;TRUE;TRUE;FALSE;FALSE;TRUE;FALSE;FALSE;6,63;10701;1;FALSE;FALSE;0;0;0;1;0;1;0;4;1;1;1;1;1;0;0;0
326;yiyecek;meyve;2,833333333;7,583333333;FALSE;TRUE;TRUE;FALSE;FALSE;TRUE;FALSE;FALSE;;10836;17748;FALSE;FALSE;0;0;1;0;0;1;0;4;4;4;0;0;0;0;0;0
327;kuţku;ţüphe;9,083333333;9,333333333;TRUE;FALSE;TRUE;FALSE;TRUE;FALSE;FALSE;FALSE;1,58;7530;9721;FALSE;FALSE;1;0;1;0;0;0;0;4;4;4;0;0;0;0;0;0
328;çocuk;anne;2,166666667;8;FALSE;TRUE;TRUE;FALSE;FALSE;TRUE;FALSE;FALSE;6,45;137866;62683;FALSE;FALSE;0;0;1;0;0;0;0;5;5;5;0;0;0;0;0;0
329;iyiliyorsun;kötülüyorsun;0;9,083333333;FALSE;TRUE;TRUE;FALSE;FALSE;TRUE;FALSE;FALSE;;0;18;TRUE;FALSE;0;1;0;1;0;0;0;0;1;0;1;1;1;2;2;2
330;ţeffaf;saydam;8,5;9,5;TRUE;FALSE;TRUE;FALSE;TRUE;FALSE;FALSE;FALSE;4,37;8700;3791;FALSE;FALSE;1;0;1;0;0;0;0;4;4;4;0;0;0;0;0;0
331;teizm;çerçeve;0,25;0,25;FALSE;TRUE;FALSE;TRUE;FALSE;FALSE;FALSE;TRUE;;27;17814;FALSE;FALSE;0;0;0;0;1;0;0;1;4;1;1;0;1;0;0;0
332;anormalleţiyor;kapüţon;0,181818182;0,083333333;FALSE;TRUE;FALSE;TRUE;FALSE;FALSE;FALSE;TRUE;;0;5;TRUE;FALSE;0;0;0;0;1;0;0;0;1;0;1;0;1;1;0;1
333;sevgili;mutluluk;2;5,75;FALSE;TRUE;TRUE;FALSE;FALSE;TRUE;FALSE;FALSE;4,69;37193;17475;FALSE;FALSE;0;0;0;1;0;0;0;5;4;4;1;1;1;0;0;0
334;delilim;televizyon;0,166666667;0,5;FALSE;TRUE;FALSE;TRUE;FALSE;FALSE;FALSE;TRUE;;11;55956;FALSE;FALSE;0;0;0;0;1;0;0;1;5;1;0;0;0;1;0;1
335;sofra;býçak;1,416666667;6,166666667;FALSE;TRUE;TRUE;FALSE;FALSE;TRUE;FALSE;FALSE;6,37;2120;8509;FALSE;FALSE;0;0;1;0;0;0;1;3;4;3;0;0;0;0;0;0
336;ipek;gömlek;1,75;7,166666667;FALSE;TRUE;TRUE;FALSE;FALSE;TRUE;FALSE;FALSE;;10942;4340;FALSE;FALSE;0;0;1;0;0;0;1;4;4;4;0;0;0;0;0;0
337;sanatçý;heykel;1,5;7,5;FALSE;TRUE;TRUE;FALSE;FALSE;TRUE;FALSE;FALSE;5,14;29783;6983;FALSE;FALSE;0;0;0;1;0;0;0;4;4;4;1;0;1;0;0;0
338;medya;yađcýlýk;0,75;5,5;FALSE;TRUE;TRUE;FALSE;FALSE;TRUE;FALSE;FALSE;4,68;43326;163;FALSE;FALSE;0;0;0;1;0;0;0;5;2;2;0;2;2;0;0;0
339;din;ibadet;3,5;9,083333333;FALSE;TRUE;TRUE;FALSE;FALSE;TRUE;FALSE;FALSE;2,22;51607;5116;FALSE;FALSE;0;0;1;0;0;0;1;5;4;4;0;0;0;0;0;0
340;tutsak;yakýn;0,166666667;0,416666667;FALSE;TRUE;FALSE;TRUE;FALSE;FALSE;FALSE;TRUE;;1783;153814;FALSE;FALSE;0;0;0;0;1;0;0;3;5;3;1;1;1;0;0;0
341;zarar;para;0,666666667;4,833333333;FALSE;TRUE;FALSE;TRUE;FALSE;FALSE;FALSE;TRUE;2,41;70292;207792;FALSE;FALSE;0;0;1;0;0;0;0;5;5;5;0;0;0;0;0;0
342;ateistlik;sekülerizmciler;1,75;5,083333333;FALSE;TRUE;TRUE;FALSE;FALSE;TRUE;FALSE;FALSE;;16;0;TRUE;FALSE;1;0;1;0;0;0;0;1;0;0;2;0;2;0;0;0
343;sabahlardaki;kahvaltý;1,25;7,166666667;FALSE;TRUE;TRUE;FALSE;FALSE;TRUE;FALSE;FALSE;;2;6430;FALSE;FALSE;0;0;1;0;0;0;0;1;4;1;0;0;0;2;0;2
344;kadýn;anne;3,583333333;7,833333333;FALSE;TRUE;TRUE;FALSE;FALSE;TRUE;FALSE;FALSE;6,24;156275;62683;FALSE;FALSE;0;0;1;0;0;0;0;5;5;5;0;0;0;0;0;0
345;sabýr;mühendis;0,333333333;2;FALSE;TRUE;FALSE;TRUE;FALSE;FALSE;FALSE;TRUE;1,5;5937;7509;FALSE;FALSE;0;0;0;0;1;0;0;4;4;4;1;0;1;0;0;0
346;yakýn;sýký;4,083333333;6,333333333;FALSE;TRUE;TRUE;FALSE;FALSE;TRUE;FALSE;FALSE;;153814;29614;FALSE;FALSE;0;0;0;1;0;0;0;5;4;4;1;1;1;0;0;0
347;saray;kral;2,666666667;9;FALSE;TRUE;TRUE;FALSE;FALSE;TRUE;FALSE;FALSE;6,56;21135;13511;FALSE;FALSE;0;0;1;0;0;0;1;4;4;4;0;0;0;0;0;0
348;damar;mezar;0,25;1;FALSE;TRUE;FALSE;TRUE;FALSE;FALSE;FALSE;TRUE;6,52;15392;8324;FALSE;FALSE;0;0;0;0;1;0;0;4;4;4;0;0;0;0;0;0
349;kuyumcu;mücevher;2,5;8,583333333;FALSE;TRUE;TRUE;FALSE;FALSE;TRUE;FALSE;FALSE;6,36;1472;2332;FALSE;FALSE;0;0;1;0;0;0;1;3;3;3;1;0;1;0;0;0
350;müzik;ses;4,333333333;8,833333333;FALSE;TRUE;TRUE;FALSE;FALSE;TRUE;FALSE;FALSE;5,34;83849;57760;FALSE;FALSE;0;0;1;0;0;1;0;5;5;5;0;0;0;0;0;0
351;alet;terazi;2;6,083333333;FALSE;TRUE;TRUE;FALSE;FALSE;TRUE;FALSE;FALSE;6,63;8007;2139;FALSE;FALSE;0;0;0;1;0;1;0;4;3;3;0;0;0;0;0;0
352;kesintili;manavýnkiler;0,166666667;0,166666667;FALSE;TRUE;FALSE;TRUE;FALSE;FALSE;FALSE;TRUE;;237;0;TRUE;FALSE;0;0;0;0;1;0;0;2;0;0;2;0;2;0;2;2
353;cansýz;ahţap;0,833333333;2,333333333;FALSE;TRUE;FALSE;TRUE;FALSE;FALSE;FALSE;TRUE;5,29;2023;7967;FALSE;FALSE;0;0;0;1;0;1;0;3;4;3;1;0;1;0;0;0
354;otobüs;sefer;1,583333333;7,166666667;FALSE;TRUE;TRUE;FALSE;FALSE;TRUE;FALSE;FALSE;6,86;15906;24702;FALSE;FALSE;0;0;1;0;0;0;0;4;4;4;0;0;0;0;0;0
355;kahvaltý;adalet;0,25;0,166666667;FALSE;TRUE;FALSE;TRUE;FALSE;FALSE;FALSE;TRUE;6,37;6430;59379;FALSE;FALSE;0;0;0;0;1;0;0;4;5;4;0;0;0;0;0;0
356;cam;büyücü;0,25;0,916666667;FALSE;TRUE;FALSE;TRUE;FALSE;FALSE;FALSE;TRUE;;18230;922;FALSE;FALSE;0;0;0;1;0;0;0;4;3;3;0;1;1;0;0;0
357;anarţist;somurtma;0,166666667;0,333333333;FALSE;TRUE;FALSE;TRUE;FALSE;FALSE;FALSE;TRUE;5,66;757;7;FALSE;FALSE;0;0;0;0;1;0;0;3;1;1;1;1;1;0;0;0
358;kýtlýklarda;tüketim;0,833333333;5,083333333;FALSE;TRUE;TRUE;FALSE;FALSE;TRUE;FALSE;FALSE;;3;24279;FALSE;FALSE;0;0;0;1;0;0;0;1;4;1;1;1;1;2;0;2
359;kitaphane;kitap;2,75;9;FALSE;TRUE;TRUE;FALSE;FALSE;TRUE;FALSE;FALSE;;1;70642;FALSE;FALSE;0;0;1;0;0;0;1;1;5;1;1;0;1;0;0;0
360;kuţku;sabýrsýzlýk;0,416666667;1,333333333;FALSE;TRUE;FALSE;TRUE;FALSE;FALSE;FALSE;TRUE;1,58;7530;300;FALSE;FALSE;0;0;0;0;1;0;0;4;2;2;0;2;2;0;0;0
361;çiçek;papatya;3,333333333;8,166666667;FALSE;TRUE;TRUE;FALSE;FALSE;TRUE;FALSE;FALSE;6,67;33522;1605;FALSE;FALSE;0;0;0;1;0;0;0;5;3;3;0;0;0;0;0;0
362;manken;kelebek;0,25;0,166666667;FALSE;TRUE;FALSE;TRUE;FALSE;FALSE;FALSE;TRUE;6,28;9006;3657;FALSE;FALSE;0;0;0;0;1;0;0;4;4;4;0;0;0;0;0;0
363;ýslak;yađmur;1,833333333;7,916666667;FALSE;TRUE;TRUE;FALSE;FALSE;TRUE;FALSE;FALSE;;3612;22203;FALSE;FALSE;0;0;1;0;0;0;1;4;4;4;0;0;0;0;0;0
364;mühendis;üretim;1,166666667;6,083333333;FALSE;TRUE;TRUE;FALSE;FALSE;TRUE;FALSE;FALSE;5,49;7509;70594;FALSE;FALSE;0;0;0;1;0;0;0;4;5;4;0;1;1;0;0;0
365;süreli;ebediyeten;0,833333333;6,5;FALSE;TRUE;TRUE;FALSE;FALSE;TRUE;FALSE;FALSE;;19345;2;FALSE;FALSE;0;1;1;0;0;0;0;4;1;1;0;1;1;0;0;0
366;cisim;cihaz;1,916666667;6,166666667;FALSE;TRUE;TRUE;FALSE;FALSE;TRUE;FALSE;FALSE;5,84;2265;9397;FALSE;FALSE;0;0;0;1;0;1;0;3;4;3;0;0;0;0;0;0
367;korumaktaydýlar;öldürülüţündeki;0,166666667;2;FALSE;TRUE;FALSE;TRUE;FALSE;FALSE;FALSE;TRUE;;2;2;FALSE;FALSE;0;0;1;0;0;0;0;1;1;1;1;2;2;2;2;2
368;aile;somut;0,166666667;0,833333333;FALSE;TRUE;FALSE;TRUE;FALSE;FALSE;FALSE;TRUE;4,78;68301;23545;FALSE;FALSE;0;0;0;0;1;0;0;5;4;4;0;0;0;0;0;0
369;ses;horultu;3,5;6,5;FALSE;TRUE;TRUE;FALSE;FALSE;TRUE;FALSE;FALSE;5,45;57760;21;FALSE;FALSE;0;0;0;1;0;0;0;5;1;1;0;2;2;0;0;0
370;sesteţ;evetçiler;0,166666667;0,416666667;FALSE;TRUE;FALSE;TRUE;FALSE;FALSE;FALSE;TRUE;3,33;12;50;FALSE;FALSE;0;0;0;0;1;0;0;1;2;1;1;1;1;0;1;1
371;kemalci;kemalizmcilerden;5,25;8,666666667;TRUE;FALSE;TRUE;FALSE;TRUE;FALSE;FALSE;FALSE;;59;0;TRUE;FALSE;0;0;1;0;0;0;0;2;0;0;1;2;2;0;2;2
372;ţiddetli;yorgunluk;0,333333333;3,166666667;FALSE;TRUE;FALSE;TRUE;FALSE;FALSE;FALSE;TRUE;;14198;4796;FALSE;FALSE;0;0;0;0;1;0;0;4;4;4;1;2;2;0;0;0
373;papatya;gülüţ;0,333333333;2;FALSE;TRUE;FALSE;TRUE;FALSE;FALSE;FALSE;TRUE;6,89;1605;506;FALSE;FALSE;0;0;0;0;1;0;0;3;3;3;0;1;1;0;0;0
374;ocak;kabristan;0,25;0,166666667;FALSE;TRUE;FALSE;TRUE;FALSE;FALSE;FALSE;TRUE;;132312;55;FALSE;FALSE;0;0;0;0;1;0;0;5;2;2;0;0;0;0;0;0
375;tecrübelenme;alýţkýn;2,833333333;4,583333333;FALSE;TRUE;FALSE;TRUE;FALSE;FALSE;FALSE;TRUE;;0;1678;TRUE;FALSE;0;0;0;1;0;0;0;0;3;0;2;2;2;0;0;0
376;haţarý;pimpirikli;0,25;0,833333333;FALSE;TRUE;FALSE;TRUE;FALSE;FALSE;FALSE;TRUE;2,85;236;25;FALSE;FALSE;0;0;0;0;1;0;0;2;1;1;0;1;1;0;0;0
377;transparan;yođurt;0,166666667;0,166666667;FALSE;TRUE;FALSE;TRUE;FALSE;FALSE;FALSE;TRUE;;597;5450;FALSE;FALSE;0;0;0;0;1;0;0;3;4;3;0;0;0;0;0;0
378;oruç;taksi;0,25;0,166666667;FALSE;TRUE;FALSE;TRUE;FALSE;FALSE;FALSE;TRUE;3,03;7029;7692;FALSE;FALSE;0;0;0;0;1;0;0;4;4;4;0;0;0;0;0;0
379;kuyumcu;terazi;0,583333333;4,666666667;FALSE;TRUE;FALSE;TRUE;FALSE;FALSE;FALSE;TRUE;6,36;1472;2139;FALSE;FALSE;0;0;0;1;0;0;0;3;3;3;1;0;1;0;0;0
380;ođlan;delikanlý;4,666666667;7,583333333;FALSE;TRUE;TRUE;FALSE;FALSE;TRUE;FALSE;FALSE;;2929;5217;FALSE;FALSE;1;0;0;1;0;0;0;3;4;3;0;0;0;0;0;0
381;mezarlýk;tavuk;0,25;0,166666667;FALSE;TRUE;FALSE;TRUE;FALSE;FALSE;FALSE;TRUE;;1440;11603;FALSE;FALSE;0;0;0;0;1;0;0;3;4;3;1;0;1;0;0;0
382;hamile;dükkan;0,25;1,25;FALSE;TRUE;FALSE;TRUE;FALSE;FALSE;FALSE;TRUE;;12317;5370;FALSE;FALSE;0;0;0;0;1;0;0;4;4;4;0;0;0;0;0;0
383;primatçalarý;zeki;0,166666667;2,416666667;FALSE;TRUE;FALSE;TRUE;FALSE;FALSE;FALSE;TRUE;;0;25139;TRUE;FALSE;0;0;0;1;0;0;0;0;4;0;1;0;1;2;0;2
384;hastane;týp;2,5;8,166666667;FALSE;TRUE;TRUE;FALSE;FALSE;TRUE;FALSE;FALSE;6,68;18148;49640;FALSE;FALSE;0;0;1;0;0;0;0;4;5;4;1;0;1;0;0;0
385;terazi;týp;0,25;0,25;FALSE;TRUE;FALSE;TRUE;FALSE;FALSE;FALSE;TRUE;6,58;2139;49640;FALSE;FALSE;0;0;0;0;1;0;0;3;5;3;0;0;0;0;0;0
386;avare;uyumlu;0,166666667;0,583333333;FALSE;TRUE;FALSE;TRUE;FALSE;FALSE;FALSE;TRUE;3,07;460;18774;FALSE;FALSE;0;0;0;0;1;0;0;3;4;3;0;1;1;0;0;0
387;sabýrsýzlýk;gözlükçü;0,25;0,166666667;FALSE;TRUE;FALSE;TRUE;FALSE;FALSE;FALSE;TRUE;;300;96;FALSE;FALSE;0;0;0;0;1;0;0;2;2;2;2;2;2;0;0;0
388;kum;kadeh;0,416666667;2;FALSE;TRUE;FALSE;TRUE;FALSE;FALSE;FALSE;TRUE;6,62;6726;2684;FALSE;FALSE;0;0;0;0;1;0;0;4;3;3;0;0;0;0;0;0
389;cinayetindeki;öldürülüţündeki;6,5;9,166666667;TRUE;FALSE;TRUE;FALSE;TRUE;FALSE;FALSE;FALSE;;51;2;FALSE;FALSE;1;0;1;0;0;0;0;2;1;1;0;2;2;2;2;2
390;primatçalarý;maymungilleri;6,333333333;8;TRUE;FALSE;TRUE;FALSE;TRUE;FALSE;FALSE;FALSE;;0;0;TRUE;TRUE;1;0;1;0;0;0;0;0;0;0;1;1;1;2;2;2
391;sihirbaz;öncülük;0,25;0,333333333;FALSE;TRUE;FALSE;TRUE;FALSE;FALSE;FALSE;TRUE;;943;4570;FALSE;FALSE;0;0;0;0;1;0;0;3;4;3;1;2;2;0;0;0
392;kuţ;tavuk;2,833333333;6,5;FALSE;TRUE;TRUE;FALSE;FALSE;TRUE;FALSE;FALSE;6,81;29836;11603;FALSE;FALSE;0;0;1;0;0;1;0;4;4;4;0;0;0;0;0;0
393;giysi;ceket;3;7,583333333;FALSE;TRUE;TRUE;FALSE;FALSE;TRUE;FALSE;FALSE;6,54;2773;2581;FALSE;FALSE;0;0;0;1;0;1;0;3;3;3;1;0;1;0;0;0
394;pamuk;üretim;1,083333333;6,083333333;FALSE;TRUE;TRUE;FALSE;FALSE;TRUE;FALSE;FALSE;6,77;17842;70594;FALSE;FALSE;0;0;0;1;0;0;0;4;5;4;0;1;1;0;0;0
395;noksan;eksik;9,333333333;9,833333333;TRUE;FALSE;TRUE;FALSE;TRUE;FALSE;FALSE;FALSE;3;1185;29303;FALSE;FALSE;1;0;0;1;0;0;0;3;4;3;0;1;1;0;0;0
396;taţýt;otobüs;3,666666667;8;FALSE;TRUE;TRUE;FALSE;FALSE;TRUE;FALSE;FALSE;6,63;10701;15906;FALSE;FALSE;0;0;1;0;0;1;0;4;4;4;1;0;1;0;0;0
397;eţya;radyo;2,083333333;6,75;FALSE;TRUE;TRUE;FALSE;FALSE;TRUE;FALSE;FALSE;6,56;18174;31478;FALSE;FALSE;0;0;0;1;0;1;0;4;4;4;0;0;0;0;0;0
398;satmýţlardýr;almýţlardýr;0,083333333;8,833333333;FALSE;TRUE;TRUE;FALSE;FALSE;TRUE;FALSE;FALSE;;21;1038;FALSE;FALSE;0;1;1;0;0;0;0;1;3;1;0;0;0;2;2;2
399;cihaz;televizyon;2,5;7;FALSE;TRUE;TRUE;FALSE;FALSE;TRUE;FALSE;FALSE;6,43;9397;55956;FALSE;FALSE;0;0;1;0;0;1;0;4;5;4;0;0;0;0;0;0
400;suskunluđuna;brüt;0,166666667;0,166666667;FALSE;TRUE;FALSE;TRUE;FALSE;FALSE;FALSE;TRUE;;103;7022;FALSE;FALSE;0;0;0;0;1;0;0;2;4;2;2;0;2;2;0;2
401;suskunluđuna;konuţkanlýđýna;0;8,75;FALSE;TRUE;TRUE;FALSE;FALSE;TRUE;FALSE;FALSE;;103;0;TRUE;FALSE;0;1;1;0;0;0;0;2;0;0;2;2;2;2;2;2
402;geceleyin;erkekçene;0,166666667;0,666666667;FALSE;TRUE;FALSE;TRUE;FALSE;FALSE;FALSE;TRUE;;533;1;FALSE;FALSE;0;0;0;1;0;0;0;3;1;1;2;2;2;0;0;0
403;medya;kral;0,25;1,75;FALSE;TRUE;FALSE;TRUE;FALSE;FALSE;FALSE;TRUE;4,68;43326;13511;FALSE;FALSE;0;0;0;1;0;0;0;5;4;4;0;0;0;0;0;0
404;iyiliyorsun;pratikleţtirsin;1;2,166666667;FALSE;TRUE;FALSE;TRUE;FALSE;FALSE;FALSE;TRUE;;0;0;TRUE;TRUE;0;0;0;0;1;0;0;0;0;0;1;2;2;2;1;2
405;ţüphe;mutluluk;0,25;1,333333333;FALSE;TRUE;FALSE;TRUE;FALSE;FALSE;FALSE;TRUE;1,61;9721;17475;FALSE;FALSE;0;0;0;0;1;0;0;4;4;4;0;1;1;0;0;0
406;memur;polis;3,583333333;6,666666667;FALSE;TRUE;TRUE;FALSE;FALSE;TRUE;FALSE;FALSE;6,27;26940;93497;FALSE;FALSE;0;0;1;0;0;1;0;4;5;4;0;0;0;0;0;0
407;meslek;kuyumcu;2,166666667;6,666666667;FALSE;TRUE;TRUE;FALSE;FALSE;TRUE;FALSE;FALSE;;63185;1472;FALSE;FALSE;0;0;0;1;0;1;0;5;3;3;0;1;1;0;0;0
408;fýrýn;öncülük;0,25;0,166666667;FALSE;TRUE;FALSE;TRUE;FALSE;FALSE;FALSE;TRUE;;3993;4570;FALSE;FALSE;0;0;0;0;1;0;0;4;4;4;0;2;2;0;0;0
409;eski;yaţlýymýţçasýna;1,833333333;4;FALSE;TRUE;FALSE;TRUE;FALSE;FALSE;FALSE;TRUE;;249377;0;TRUE;FALSE;0;0;0;1;0;0;0;5;0;0;0;0;0;0;0;0
410;masum;dostçasýna;0,75;3,333333333;FALSE;TRUE;FALSE;TRUE;FALSE;FALSE;FALSE;TRUE;;12698;0;TRUE;FALSE;0;0;0;1;0;0;0;4;0;0;0;0;0;0;0;0
411;lokanta;dükkan;2,25;5,833333333;FALSE;TRUE;TRUE;FALSE;FALSE;TRUE;FALSE;FALSE;6,71;3743;5370;FALSE;FALSE;0;0;1;0;0;1;0;4;4;4;0;0;0;0;0;0
412;ebleh;akýllý;0;7,5;FALSE;TRUE;TRUE;FALSE;FALSE;TRUE;FALSE;FALSE;2,67;61;16388;FALSE;FALSE;0;1;1;0;0;0;0;2;4;2;0;1;1;0;0;0
413;vitrin;televizyon;0,333333333;4;FALSE;TRUE;FALSE;TRUE;FALSE;FALSE;FALSE;TRUE;6,56;1725;55956;FALSE;FALSE;0;0;0;1;0;0;0;3;5;3;0;0;0;0;0;0
414;ţeffaf;opak;1,166666667;7,166666667;FALSE;TRUE;TRUE;FALSE;FALSE;TRUE;FALSE;FALSE;4,37;8700;273;FALSE;FALSE;0;1;1;0;0;0;0;4;2;2;0;0;0;0;0;0
415;dua;ölü;0,75;6,833333333;FALSE;TRUE;TRUE;FALSE;FALSE;TRUE;FALSE;FALSE;2,84;11268;24505;FALSE;FALSE;0;0;0;1;0;0;0;4;4;4;0;1;1;0;0;0
416;yorgunluk;sarsýcý;0,333333333;2,333333333;FALSE;TRUE;FALSE;TRUE;FALSE;FALSE;FALSE;TRUE;2,8;4796;1229;FALSE;FALSE;0;0;0;1;0;0;0;4;3;3;2;2;2;0;0;0
417;davadaţ;yoldaţ;7,833333333;8,833333333;TRUE;FALSE;TRUE;FALSE;TRUE;FALSE;FALSE;FALSE;;0;894;TRUE;FALSE;1;0;1;0;0;0;0;0;3;0;1;1;1;0;0;0
418;özgür;serbest;6,75;9,75;TRUE;FALSE;TRUE;FALSE;TRUE;FALSE;FALSE;FALSE;;28827;87614;FALSE;FALSE;1;0;1;0;0;0;0;4;5;4;0;0;0;0;0;0
419;gözlük;cam;3,416666667;8,75;FALSE;TRUE;TRUE;FALSE;FALSE;TRUE;FALSE;FALSE;6,87;3238;18230;FALSE;FALSE;0;0;1;0;0;0;1;3;4;3;1;0;1;0;0;0
420;vicdan;pýhtý;0,25;0,166666667;FALSE;TRUE;FALSE;TRUE;FALSE;FALSE;FALSE;TRUE;1,39;5873;325;FALSE;FALSE;0;0;0;0;1;0;0;4;2;2;0;0;0;0;0;0
421;gülüţ;gül;1,833333333;4,833333333;FALSE;TRUE;FALSE;TRUE;FALSE;FALSE;FALSE;TRUE;4,66;506;64994;FALSE;FALSE;0;0;0;0;1;0;0;3;5;3;1;0;1;0;0;0
422;kahvaltý;zeytin;1,166666667;7,5;FALSE;TRUE;TRUE;FALSE;FALSE;TRUE;FALSE;FALSE;6,37;6430;7488;FALSE;FALSE;0;0;1;0;0;0;1;4;4;4;0;0;0;0;0;0
423;ceket;kapüţon;2,083333333;7,25;FALSE;TRUE;TRUE;FALSE;FALSE;TRUE;FALSE;FALSE;;2581;5;FALSE;FALSE;0;0;0;1;0;0;1;3;1;1;0;0;0;0;0;0
424;araba;seyahat;1,25;8,083333333;FALSE;TRUE;TRUE;FALSE;FALSE;TRUE;FALSE;FALSE;6,87;20283;15936;FALSE;FALSE;0;0;1;0;0;0;0;4;4;4;0;0;0;0;0;0
425;evrensel;karýţýk;0,25;0,916666667;FALSE;TRUE;FALSE;TRUE;FALSE;FALSE;FALSE;TRUE;2,2;15287;12017;FALSE;FALSE;0;0;0;0;1;0;0;4;4;4;1;2;2;0;0;0
426;beyaz;horultu;0,166666667;0,083333333;FALSE;TRUE;FALSE;TRUE;FALSE;FALSE;FALSE;TRUE;;78763;21;FALSE;FALSE;0;0;0;0;1;0;0;5;1;1;0;2;2;0;0;0
427;gürültü;müzik;2,166666667;5,916666667;FALSE;TRUE;TRUE;FALSE;FALSE;TRUE;FALSE;FALSE;5,29;6332;83849;FALSE;FALSE;0;0;0;1;0;1;0;4;5;4;2;0;2;0;0;0
428;taksi;yüzük;0,25;0,166666667;FALSE;TRUE;FALSE;TRUE;FALSE;FALSE;FALSE;TRUE;6,79;7692;3197;FALSE;FALSE;0;0;0;0;1;0;0;4;3;3;0;0;0;0;0;0
429;baţýboţ;yorgun;0,25;0,333333333;FALSE;TRUE;FALSE;TRUE;FALSE;FALSE;FALSE;TRUE;2,82;1234;7932;FALSE;FALSE;0;0;0;0;1;0;0;3;4;3;0;1;1;0;0;0
430;hayvan;kuţ;3;6,916666667;FALSE;TRUE;TRUE;FALSE;FALSE;TRUE;FALSE;FALSE;6,49;22519;29836;FALSE;FALSE;0;0;1;0;0;1;0;4;4;4;0;0;0;0;0;0
431;opak;çamaţýr;0,333333333;1,083333333;FALSE;TRUE;FALSE;TRUE;FALSE;FALSE;FALSE;TRUE;;273;4839;FALSE;FALSE;0;0;0;0;1;0;0;2;4;2;0;0;0;0;0;0
432;kahin;ţüphe;0,25;1,333333333;FALSE;TRUE;FALSE;TRUE;FALSE;FALSE;FALSE;TRUE;;477;9721;FALSE;FALSE;0;0;0;1;0;0;0;3;4;3;0;0;0;0;0;0
433;çenebazlýđýna;kirlice;0,166666667;0,166666667;FALSE;TRUE;FALSE;TRUE;FALSE;FALSE;FALSE;TRUE;;0;0;TRUE;TRUE;0;0;0;0;1;0;0;0;0;0;2;1;2;2;0;2
434;serin;sýcak;0,083333333;7,833333333;FALSE;TRUE;TRUE;FALSE;FALSE;TRUE;FALSE;FALSE;5,03;3675;561440;FALSE;FALSE;0;1;1;0;0;0;0;4;5;4;0;0;0;0;0;0
435;inançlýlýk;ateistlik;0,666666667;8,916666667;FALSE;TRUE;TRUE;FALSE;FALSE;TRUE;FALSE;FALSE;;6;16;FALSE;FALSE;1;0;1;0;0;0;0;1;1;1;2;2;2;0;0;0
436;konuţkanlýđýna;çenebazlýđýna;7,166666667;9,083333333;TRUE;FALSE;TRUE;FALSE;TRUE;FALSE;FALSE;FALSE;;0;0;TRUE;TRUE;1;0;1;0;0;0;0;0;0;0;2;2;2;2;2;2
437;sanatçý;ţair;3,666666667;8,166666667;FALSE;TRUE;TRUE;FALSE;FALSE;TRUE;FALSE;FALSE;5,14;29783;17028;FALSE;FALSE;0;0;1;0;0;1;0;4;4;4;1;0;1;0;0;0
438;mezarhane;ölü;1,583333333;8,166666667;FALSE;TRUE;TRUE;FALSE;FALSE;TRUE;FALSE;FALSE;;1;24505;FALSE;FALSE;0;0;1;0;0;0;1;1;4;1;0;1;1;0;0;0
439;anarţist;aykýrý;4,166666667;8,333333333;FALSE;TRUE;TRUE;FALSE;FALSE;TRUE;FALSE;FALSE;5,66;757;41324;FALSE;FALSE;1;0;1;0;0;0;0;3;5;3;1;0;1;0;0;0
440;uzak;fazlalýk;0,333333333;1,666666667;FALSE;TRUE;FALSE;TRUE;FALSE;FALSE;FALSE;TRUE;2,87;57989;1000;FALSE;FALSE;0;0;0;1;0;0;0;5;3;3;0;1;1;0;0;0
441;fazlalýk;noksan;0,083333333;8,083333333;FALSE;TRUE;TRUE;FALSE;FALSE;TRUE;FALSE;FALSE;3,99;1000;1185;FALSE;FALSE;0;1;1;0;0;0;0;3;3;3;1;0;1;0;0;0
442;meslek;sanatçý;2,166666667;7,25;FALSE;TRUE;TRUE;FALSE;FALSE;TRUE;FALSE;FALSE;;63185;29783;FALSE;FALSE;0;0;0;1;0;1;0;5;4;4;0;1;1;0;0;0
443;týp;yardým;1,333333333;7,083333333;FALSE;TRUE;TRUE;FALSE;FALSE;TRUE;FALSE;FALSE;3,41;49640;100548;FALSE;FALSE;0;0;0;1;0;0;0;5;5;5;0;0;0;0;0;0
444;kuyumcu;yüzük;1,916666667;8,583333333;FALSE;TRUE;TRUE;FALSE;FALSE;TRUE;FALSE;FALSE;6,36;1472;3197;FALSE;FALSE;0;0;1;0;0;0;1;3;3;3;1;0;1;0;0;0
445;meyve;manavýnkiler;2,416666667;8,333333333;FALSE;TRUE;TRUE;FALSE;FALSE;TRUE;FALSE;FALSE;6,63;17748;0;TRUE;FALSE;0;0;1;0;0;0;0;4;0;0;0;0;0;0;2;2
446;devlet;korumaktaydýlar;0,25;4,5;FALSE;TRUE;FALSE;TRUE;FALSE;FALSE;FALSE;TRUE;3,73;336669;2;FALSE;FALSE;0;0;0;1;0;0;0;5;1;1;0;1;1;0;2;2
447;kelebek;kemik;0,25;0,166666667;FALSE;TRUE;FALSE;TRUE;FALSE;FALSE;FALSE;TRUE;6,8;3657;9289;FALSE;FALSE;0;0;0;0;1;0;0;4;4;4;0;0;0;0;0;0
448;harika;ţahane;7,833333333;9,166666667;TRUE;FALSE;TRUE;FALSE;TRUE;FALSE;FALSE;FALSE;1,44;31671;3655;FALSE;FALSE;1;0;1;0;0;0;0;4;4;4;0;0;0;0;0;0
449;faiz;kazanç;4,166666667;8,083333333;FALSE;TRUE;TRUE;FALSE;FALSE;TRUE;FALSE;FALSE;4,15;96787;12123;FALSE;FALSE;0;0;0;1;0;0;0;5;4;4;0;1;1;0;0;0
450;mezarlýk;mezar;5,25;9,166666667;TRUE;FALSE;TRUE;FALSE;TRUE;FALSE;FALSE;FALSE;;1440;8324;FALSE;FALSE;0;0;1;0;0;0;1;3;4;3;1;0;1;0;0;0
451;gazete;haber;3,833333333;9,083333333;FALSE;TRUE;TRUE;FALSE;FALSE;TRUE;FALSE;FALSE;6,81;49607;119460;FALSE;FALSE;0;0;1;0;0;0;1;5;5;5;0;0;0;0;0;0
452;kýyý;sahil;7,666666667;9;TRUE;FALSE;TRUE;FALSE;TRUE;FALSE;FALSE;FALSE;;5868;9500;FALSE;FALSE;1;0;1;0;0;0;0;4;4;4;0;0;0;0;0;0
453;hukuk;ispatým;1,583333333;7;FALSE;TRUE;TRUE;FALSE;FALSE;TRUE;FALSE;FALSE;3,79;71683;5;FALSE;FALSE;0;0;0;1;0;0;0;5;1;1;0;0;0;0;1;1
454;gündüz;geceleyin;0,083333333;8,916666667;FALSE;TRUE;TRUE;FALSE;FALSE;TRUE;FALSE;FALSE;;16396;533;FALSE;FALSE;0;1;1;0;0;0;0;4;3;3;0;2;2;0;0;0
455;noksan;gömlek;0,166666667;0,166666667;FALSE;TRUE;FALSE;TRUE;FALSE;FALSE;FALSE;TRUE;3;1185;4340;FALSE;FALSE;0;0;0;0;1;0;0;3;4;3;0;0;0;0;0;0
456;kötülüyorsun;bolluklarda;0,166666667;0,25;FALSE;TRUE;FALSE;TRUE;FALSE;FALSE;FALSE;TRUE;;18;0;TRUE;FALSE;0;0;0;0;1;0;0;1;0;0;1;1;1;2;2;2
457;alýţkýn;yeni;0,25;4,583333333;FALSE;TRUE;FALSE;TRUE;FALSE;FALSE;FALSE;TRUE;2,34;1678;770145;FALSE;FALSE;0;1;1;0;0;0;0;3;5;3;2;0;2;0;0;0
458;uygulamak;alet;0,666666667;3,166666667;FALSE;TRUE;FALSE;TRUE;FALSE;FALSE;FALSE;TRUE;;6566;8007;FALSE;FALSE;0;0;0;1;0;0;0;4;4;4;1;0;1;0;0;0
459;cevher;mücevher;3,5;6,5;FALSE;TRUE;TRUE;FALSE;FALSE;TRUE;FALSE;FALSE;;1957;2332;FALSE;FALSE;1;0;1;0;0;0;0;3;3;3;0;0;0;0;0;0
460;medya;gazete;4,083333333;8,083333333;FALSE;TRUE;TRUE;FALSE;FALSE;TRUE;FALSE;FALSE;4,68;43326;49607;FALSE;FALSE;0;0;1;0;0;1;0;5;5;5;0;0;0;0;0;0
461;kadeh;içki;3;8,5;FALSE;TRUE;TRUE;FALSE;FALSE;TRUE;FALSE;FALSE;6,75;2684;16126;FALSE;FALSE;0;0;1;0;0;0;1;3;4;3;0;1;1;0;0;0
462;atletik;ebleh;0,25;0,583333333;FALSE;TRUE;FALSE;TRUE;FALSE;FALSE;FALSE;TRUE;4,56;760;61;FALSE;FALSE;0;0;0;1;0;0;0;3;2;2;1;0;1;0;0;0
463;okul;öđrenci;1,666666667;8,916666667;FALSE;TRUE;TRUE;FALSE;FALSE;TRUE;FALSE;FALSE;6,6;55774;67682;FALSE;FALSE;0;0;1;0;0;0;1;5;5;5;0;1;1;0;0;0
464;öldürülüţündeki;suçlu;0,916666667;6,916666667;FALSE;TRUE;TRUE;FALSE;FALSE;TRUE;FALSE;FALSE;#REF!;#REF!;2;#REF!;#REF!;0;0;1;0;0;0;0;1;1;1;2;2;2;2;2;2
465;düzenci;anarţist;0,083333333;7,5;FALSE;TRUE;TRUE;FALSE;FALSE;TRUE;FALSE;FALSE;;19;757;FALSE;FALSE;0;1;1;0;0;0;0;1;3;1;2;1;2;0;0;0
466;kýyý;gemicik;0,75;5,5;FALSE;TRUE;TRUE;FALSE;FALSE;TRUE;FALSE;FALSE;;5868;1;FALSE;FALSE;0;0;0;1;0;0;0;4;1;1;0;1;1;0;0;0
467;oruç;zaman;1,166666667;6,333333333;FALSE;TRUE;TRUE;FALSE;FALSE;TRUE;FALSE;FALSE;3,03;7029;495060;FALSE;FALSE;0;0;0;1;0;0;0;4;5;4;0;0;0;0;0;0
468;kadýn;çocuk;1,416666667;7,25;FALSE;TRUE;TRUE;FALSE;FALSE;TRUE;FALSE;FALSE;6,24;156275;137866;FALSE;FALSE;0;0;0;1;0;0;0;5;5;5;0;0;0;0;0;0
469;ateistlik;teizm;0,666666667;8,833333333;FALSE;TRUE;TRUE;FALSE;FALSE;TRUE;FALSE;FALSE;;16;27;FALSE;FALSE;0;1;1;0;0;0;0;1;1;1;2;1;2;0;0;0
470;barýţtýrýlýrken;savaţtýrýlýrken;0;9,083333333;FALSE;TRUE;TRUE;FALSE;FALSE;TRUE;FALSE;FALSE;;2;0;TRUE;FALSE;0;1;1;0;0;0;0;1;0;0;2;2;2;0;0;0
471;horoz;alet;0,25;0,166666667;FALSE;TRUE;FALSE;TRUE;FALSE;FALSE;FALSE;TRUE;;1814;8007;FALSE;FALSE;0;0;0;0;1;0;0;3;4;3;0;0;0;0;0;0
472;borçlanmak;alacaklanmak;0;8,833333333;FALSE;TRUE;TRUE;FALSE;FALSE;TRUE;FALSE;FALSE;;528;0;TRUE;FALSE;0;1;1;0;0;0;0;3;0;0;1;1;1;1;1;1
473;maymunsularý;maymungilleri;7,5;9,083333333;TRUE;FALSE;TRUE;FALSE;TRUE;FALSE;FALSE;FALSE;;0;0;TRUE;TRUE;1;0;1;0;0;0;0;0;0;0;2;1;2;2;2;2
474;hamile;düzenci;0,25;0,166666667;FALSE;TRUE;FALSE;TRUE;FALSE;FALSE;FALSE;TRUE;;12317;19;FALSE;FALSE;0;0;0;0;1;0;0;4;1;1;0;2;2;0;0;0
475;öđle;orman;0,25;0,25;FALSE;TRUE;FALSE;TRUE;FALSE;FALSE;FALSE;TRUE;;14001;29908;FALSE;FALSE;0;0;0;0;1;0;0;4;4;4;0;0;0;0;0;0
476;otomobil;araba;9,166666667;9,333333333;TRUE;FALSE;TRUE;FALSE;TRUE;FALSE;FALSE;FALSE;;46731;20283;FALSE;FALSE;1;0;1;0;0;0;0;5;4;4;0;0;0;0;0;0
477;meyve;muz;3,166666667;7,916666667;FALSE;TRUE;TRUE;FALSE;FALSE;TRUE;FALSE;FALSE;6,63;17748;2917;FALSE;FALSE;0;0;0;1;0;1;0;4;3;3;0;0;0;0;0;0
478;süt;biliţim;0,25;0,166666667;FALSE;TRUE;FALSE;TRUE;FALSE;FALSE;FALSE;TRUE;6,79;19593;19208;FALSE;FALSE;0;0;0;0;1;0;0;4;4;4;0;2;2;0;0;0
479;atatürkist;davadaţ;1;3,166666667;FALSE;TRUE;FALSE;TRUE;FALSE;FALSE;FALSE;TRUE;;0;0;TRUE;TRUE;0;0;0;1;0;0;0;0;0;0;1;1;1;0;0;0
480;mezar;ölü;2,166666667;9,083333333;FALSE;TRUE;TRUE;FALSE;FALSE;TRUE;FALSE;FALSE;6,21;8324;24505;FALSE;FALSE;0;0;1;0;0;0;1;4;4;4;0;1;1;0;0;0
481;vitrin;manken;1,25;7,5;FALSE;TRUE;TRUE;FALSE;FALSE;TRUE;FALSE;FALSE;6,56;1725;9006;FALSE;FALSE;0;0;1;0;0;0;1;3;4;3;0;0;0;0;0;0
482;turizm;düzenci;0,25;0,166666667;FALSE;TRUE;FALSE;TRUE;FALSE;FALSE;FALSE;TRUE;3,28;55821;19;FALSE;FALSE;0;0;0;0;1;0;0;5;1;1;1;2;2;0;0;0
483;fani;ölü;2,166666667;8;FALSE;TRUE;TRUE;FALSE;FALSE;TRUE;FALSE;FALSE;2,45;1028;24505;FALSE;FALSE;0;0;1;0;0;0;0;3;4;3;0;1;1;0;0;0
484;sosyalleţtirdikleri;baţýboţ;0,166666667;0,5;FALSE;TRUE;FALSE;TRUE;FALSE;FALSE;FALSE;TRUE;;0;1234;TRUE;FALSE;0;0;0;1;0;0;0;0;3;0;2;0;2;2;0;2
485;kirlice;lamba;0,166666667;1;FALSE;TRUE;FALSE;TRUE;FALSE;FALSE;FALSE;TRUE;;0;1579;TRUE;FALSE;0;0;0;0;1;0;0;0;3;0;1;0;1;0;0;0
486;kadýn;hamile;1,916666667;8;FALSE;TRUE;TRUE;FALSE;FALSE;TRUE;FALSE;FALSE;6,24;156275;12317;FALSE;FALSE;0;0;1;0;0;0;0;5;4;4;0;0;0;0;0;0
487;karýţýk;temiz;0,333333333;2;FALSE;TRUE;FALSE;TRUE;FALSE;FALSE;FALSE;TRUE;2,9;12017;23343;FALSE;FALSE;0;0;0;0;1;0;0;4;4;4;2;0;2;0;0;0
488;ţair;sabýr;0,333333333;1,75;FALSE;TRUE;FALSE;TRUE;FALSE;FALSE;FALSE;TRUE;5,59;17028;5937;FALSE;FALSE;0;0;0;0;1;0;0;4;4;4;0;1;1;0;0;0
489;maymunsularý;kuţ;1,083333333;3,833333333;FALSE;TRUE;FALSE;TRUE;FALSE;FALSE;FALSE;TRUE;;0;29836;TRUE;FALSE;0;0;0;1;0;0;0;0;4;0;2;0;2;2;0;2
490;ţeffaf;transparan;9,25;9,666666667;TRUE;FALSE;TRUE;FALSE;TRUE;FALSE;FALSE;FALSE;4,37;8700;597;FALSE;FALSE;1;0;1;0;0;0;0;4;3;3;0;0;0;0;0;0
491;hayvan;böcek;2,916666667;7,666666667;FALSE;TRUE;TRUE;FALSE;FALSE;TRUE;FALSE;FALSE;6,49;22519;2994;FALSE;FALSE;0;0;0;1;0;0;0;4;3;3;0;0;0;0;0;0
492;cisim;somut;2,166666667;6,666666667;FALSE;TRUE;TRUE;FALSE;FALSE;TRUE;FALSE;FALSE;5,84;2265;23545;FALSE;FALSE;0;0;0;1;0;0;0;3;4;3;0;0;0;0;0;0
493;aile;anne;1,916666667;8,5;FALSE;TRUE;TRUE;FALSE;FALSE;TRUE;FALSE;FALSE;4,78;68301;62683;FALSE;FALSE;0;0;1;0;0;0;1;5;5;5;0;0;0;0;0;0
494;varlýk;cisim;4,25;7,083333333;FALSE;TRUE;TRUE;FALSE;FALSE;TRUE;FALSE;FALSE;3,78;14909;2265;FALSE;FALSE;0;0;0;1;0;1;0;4;3;3;1;0;1;0;0;0
495;öđle;ikindi;4,583333333;8,333333333;FALSE;TRUE;TRUE;FALSE;FALSE;TRUE;FALSE;FALSE;;14001;990;FALSE;FALSE;1;0;1;0;0;0;0;4;3;3;0;0;0;0;0;0
496;sođuk;sýcak;0;9,416666667;FALSE;TRUE;TRUE;FALSE;FALSE;TRUE;FALSE;FALSE;5,43;37223;561440;FALSE;FALSE;0;1;1;0;0;0;0;5;5;5;0;0;0;0;0;0
497;peţinatsýz;gülümseme;0,166666667;0,25;FALSE;TRUE;FALSE;TRUE;FALSE;FALSE;FALSE;TRUE;3,83;127;1548;FALSE;FALSE;0;0;0;0;1;0;0;2;3;2;2;2;2;0;0;0
498;kum;hastane;0,25;0,166666667;FALSE;TRUE;FALSE;TRUE;FALSE;FALSE;FALSE;TRUE;6,62;6726;18148;FALSE;FALSE;0;0;0;0;1;0;0;4;4;4;0;1;1;0;0;0
499;fýrýn;kahin;0,25;0,166666667;FALSE;TRUE;FALSE;TRUE;FALSE;FALSE;FALSE;TRUE;;3993;477;FALSE;FALSE;0;0;0;0;1;0;0;4;3;3;0;0;0;0;0;0
500;uyumlu;aykýrý;0;9,166666667;FALSE;TRUE;TRUE;FALSE;FALSE;TRUE;FALSE;FALSE;2,1;18774;41324;FALSE;FALSE;0;1;1;0;0;0;0;4;5;4;1;0;1;0;0;0
